date,region,Center_ID,Client_ID,ordered_boxes,Latitude_CD,Longitude_CD,Latitude_Client,Longitude_Client,ordered_volume
2025-03-29,Andes,AV16,13448137,0.25,4.802644,-75.832822,4.869601556,-75.62121609,0.0189
2025-03-29,Andes,AV16,11250831,0.25,4.802644,-75.832822,4.8097,-75.7609,0.0189
2025-03-29,Andes,AV16,12643289,6.02,4.802644,-75.832822,4.800935689,-75.73797318,0.4551119999999999
2025-03-29,Andes,AV16,11300345,10.8,4.802644,-75.832822,4.7951598,-75.7397169,0.8164800000000001
2025-03-29,Andes,AV16,14028173,7.875,4.802644,-75.832822,4.79753036,-75.71154,0.59535
2025-03-29,Andes,AV16,11318958,0.25,4.802644,-75.832822,5.03118,-75.4636,0.0189
2025-03-29,Andes,AV16,11489842,5.0,4.802644,-75.832822,4.81018,-75.6846,0.378
2025-03-29,Andes,AV16,10467188,0.25,4.802644,-75.832822,4.80568,-75.7484,0.0189
2025-03-29,Andes,AV16,10829060,4.6033333,4.802644,-75.832822,5.0461,-75.5205,0.34801199748
2025-03-29,Andes,AV16,13509630,0.25,4.802644,-75.832822,5.042386033,-75.51821919,0.0189
2025-03-29,Andes,AV16,10452518,11.9166667,4.802644,-75.832822,4.74074,-75.7137,0.90090000252
2025-03-29,Andes,AV16,10455803,0.25,4.802644,-75.832822,4.8561333,-75.66074,0.0189
2025-03-29,Andes,AV16,13243607,0.25,4.802644,-75.832822,5.043430668,-75.51318819,0.0189
2025-03-29,Andes,AV16,11688684,0.25,4.802644,-75.832822,5.04619,-75.5115,0.0189
2025-03-29,Andes,AV16,10467234,21.0,4.802644,-75.832822,4.79169,-75.7339,1.5876
2025-03-29,Andes,AV16,12874326,10.6666668,4.802644,-75.832822,4.815208391,-75.70769513,0.80640001008
2025-03-29,Andes,AV16,10830104,9.9166667,4.802644,-75.832822,5.0438,-75.517,0.74970000252
2025-03-29,Andes,AV16,12569660,2.5,4.802644,-75.832822,5.045151813,-75.50899007,0.189
2025-03-29,Andes,AV16,12779054,0.25,4.802644,-75.832822,4.7604893,-75.6832698,0.0189
2025-03-29,Andes,AV16,13819448,8.29,4.802644,-75.832822,5.065710554,-75.49613596,0.626724
2025-03-29,Andes,AV16,12284235,15.0,4.802644,-75.832822,5.0670123,-75.5207499,1.134
2025-03-29,Andes,AV16,11499700,16.0,4.802644,-75.832822,4.81274,-75.6886,1.2096
2025-03-29,Andes,AV16,13676345,0.25,4.802644,-75.832822,4.7917344,-75.7305882,0.0189
2025-03-29,Andes,AV16,11477703,4.9366666,4.802644,-75.832822,4.80475,-75.7289,0.3732119949599999
2025-03-29,Andes,AV16,12654027,6.0,4.802644,-75.832822,4.7981326,-75.6673553,0.4536
2025-03-29,Andes,AV16,11284467,0.25,4.802644,-75.832822,4.80742,-75.686,0.0189
2025-03-29,Andes,AV16,12551288,30.0,4.802644,-75.832822,4.81745,-75.6803,2.268
2025-03-29,Andes,AV16,14249942,11.0,4.802644,-75.832822,5.042394922,-75.51818074,0.8316
2025-03-29,Andes,AV16,12179785,0.25,4.802644,-75.832822,4.73838,-75.7124,0.0189
2025-03-29,Andes,AV16,12175368,12.0,4.802644,-75.832822,4.7944969,-75.6982629,0.9072
2025-03-29,Andes,AV16,12297725,3.6666666,4.802644,-75.832822,4.81137,-75.6617,0.27719999496
2025-03-29,Andes,AV16,10423439,0.25,4.802644,-75.832822,4.80904,-75.6976,0.0189
2025-03-29,Andes,AV16,11197474,4.3333333,4.802644,-75.832822,5.0483782,-75.5173101,0.3275999974799999
2025-03-29,Andes,AV16,14032278,0.25,4.802644,-75.832822,4.809817048,-75.69800697,0.0189
2025-03-29,Andes,AV16,11247541,5.0,4.802644,-75.832822,4.81745,-75.6803,0.378
2025-03-29,Andes,AV16,11258146,5.0,4.802644,-75.832822,4.81965,-75.6932,0.378
2025-03-29,Andes,AV16,12447109,5.25,4.802644,-75.832822,5.04264,-75.5185,0.3969
2025-03-29,Andes,AV16,12200517,2.4166667,4.802644,-75.832822,4.793125,-75.6681551,0.18270000252
2025-03-29,Andes,AV16,10415479,6.5,4.802644,-75.832822,4.82084,-75.7049,0.4914
2025-03-29,Andes,AV16,12950473,6.4166667,4.802644,-75.832822,4.788254975,-75.72596974,0.48510000252
2025-03-29,Andes,AV16,13819531,8.72,4.802644,-75.832822,4.762943795,-75.70500602,0.659232
2025-03-29,Andes,AV16,12589170,6.861111,4.802644,-75.832822,4.788598031,-75.72349421,0.5186999916
2025-03-29,Andes,AV16,10434054,14.6666667,4.802644,-75.832822,4.7981,-75.7387,1.10880000252
2025-03-29,Andes,AV16,11125058,3.0,4.802644,-75.832822,5.07261,-75.4997,0.2268
2025-03-29,Andes,AV16,13227505,8.4166666,4.802644,-75.832822,4.818403363,-75.69011881,0.6362999949599999
2025-03-29,Andes,AV16,14135577,1.1583334,4.802644,-75.832822,4.79725977,-75.74826781,0.08757000504
2025-03-29,Andes,AV16,12597315,24.2705883,4.802644,-75.832822,4.811845121,-75.67765795,1.83485647548
2025-03-29,Andes,AV16,10463753,6.25,4.802644,-75.832822,4.801,-75.6677,0.4725
2025-03-29,Andes,AV16,10460157,6.3333333,4.802644,-75.832822,4.81614,-75.6784,0.4787999974799999
2025-03-29,Andes,AV16,11709930,2.0,4.802644,-75.832822,4.7993157,-75.7058196,0.1512
2025-03-29,Andes,AV16,13016214,0.25,4.802644,-75.832822,4.802895025,-75.74720937,0.0189
2025-03-29,Andes,AV16,12102578,25.0,4.802644,-75.832822,5.06835,-75.5167,1.89
2025-03-29,Andes,AV16,10824750,5.0,4.802644,-75.832822,5.044048,-75.512874,0.378
2025-03-29,Andes,AV16,13017732,0.25,4.802644,-75.832822,4.872999743,-75.62902221,0.0189
2025-03-29,Andes,AV16,12498845,4.6033333,4.802644,-75.832822,4.79721,-75.7328,0.34801199748
2025-03-29,Andes,AV16,12167252,4.0666666,4.802644,-75.832822,4.8052478,-75.7308088,0.3074399949599999
2025-03-29,Andes,AV16,14163146,2.0866667,4.802644,-75.832822,5.04463636,-75.51735808,0.15775200252
2025-03-29,Andes,AV16,10828015,18.8333333,4.802644,-75.832822,5.0677,-75.5202,1.42379999748
2025-03-29,Andes,AV16,13767223,11.5,4.802644,-75.832822,4.801418026,-75.70883117,0.8694
2025-03-29,Andes,AV16,12687677,11.8333333,4.802644,-75.832822,4.788241,-75.7251941,0.89459999748
2025-03-29,Andes,AV16,12457087,0.25,4.802644,-75.832822,4.821752009,-75.72485236,0.0189
2025-03-29,Andes,AV16,10828300,8.02,4.802644,-75.832822,5.06642,-75.4957,0.606312
2025-03-29,Andes,AV16,11599566,10.0,4.802644,-75.832822,4.82711,-75.6971,0.756
2025-03-29,Andes,AV16,11363966,6.25,4.802644,-75.832822,4.80485,-75.7317,0.4725
2025-03-29,Andes,AV16,10467430,2.67,4.802644,-75.832822,4.8006139,-75.7180965,0.201852
2025-03-29,Andes,AV16,13866554,8.3333333,4.802644,-75.832822,4.79737,-75.709,0.62999999748
2025-03-29,Andes,AV16,11185470,0.25,4.802644,-75.832822,4.7997398,-75.7603843,0.0189
2025-03-29,Andes,AV16,14056636,8.6033333,4.802644,-75.832822,4.81431841,-75.677655,0.6504119974799999
2025-03-29,Andes,AV16,13448136,2.4166667,4.802644,-75.832822,4.809112033,-75.6832973,0.18270000252
2025-03-29,Andes,AV16,13029691,16.0,4.802644,-75.832822,4.7957153,-75.6948695,1.2096
2025-03-29,Andes,AV16,10825279,2.5833333,4.802644,-75.832822,5.074741,-75.495796,0.19529999748
2025-03-29,Andes,AV16,10463900,4.3333333,4.802644,-75.832822,4.75772,-75.6113,0.3275999974799999
2025-03-29,Andes,AV16,14123528,12.0,4.802644,-75.832822,5.08717151,-75.48891728,0.9072
2025-03-29,Andes,AV16,14127742,3.6666667,4.802644,-75.832822,4.7997049,-75.7311942,0.27720000252
2025-03-29,Andes,AV16,13752853,37.4166666,4.802644,-75.832822,4.810229025,-75.6868618,2.82869999496
2025-03-29,Andes,AV16,12232147,12.3333333,4.802644,-75.832822,4.7947069,-75.6665756,0.93239999748
2025-03-29,Andes,AV16,13387367,40.75,4.802644,-75.832822,5.070191014,-75.51877377,3.0807
2025-03-29,Andes,AV16,11571668,0.25,4.802644,-75.832822,4.8324949,-75.6690873,0.0189
2025-03-29,Andes,AV16,13443531,2.3533333,4.802644,-75.832822,5.075021516,-75.49416571,0.17791199748
2025-03-29,Andes,AV16,11436625,8.0,4.802644,-75.832822,4.7957923,-75.7466427,0.6048
2025-03-29,Andes,AV16,12159880,13.3333333,4.802644,-75.832822,5.0488504,-75.512168,1.00799999748
2025-03-29,Andes,AV16,13937570,6.25,4.802644,-75.832822,4.7917846,-75.668229,0.4725
2025-03-29,Andes,AV16,12685269,0.25,4.802644,-75.832822,4.809595647,-75.68203748,0.0189
2025-03-29,Andes,AV16,14157605,2.3333333,4.802644,-75.832822,4.797159936,-75.73551055,0.17639999748
2025-03-29,Andes,AV16,10937158,649.0,4.802644,-75.832822,4.81333,-75.6981,49.0644
2025-03-29,Andes,AV16,10825252,2.25,4.802644,-75.832822,5.07346,-75.494,0.1701
2025-03-29,Andes,AV16,10422835,0.25,4.802644,-75.832822,4.808,-75.6964,0.0189
2025-03-29,Andes,AV16,12302520,2.4166667,4.802644,-75.832822,4.810000937,-75.68626792,0.18270000252
2025-03-29,Andes,AV16,12725198,8.0,4.802644,-75.832822,5.045823226,-75.51338768,0.6048
2025-03-29,Andes,AV16,13492796,23.0,4.802644,-75.832822,4.8093315,-75.6609889,1.7388
2025-03-29,Andes,AV16,10881367,12.3333333,4.802644,-75.832822,4.7939453,-75.7167397,0.93239999748
2025-03-29,Andes,AV16,14013405,140.0,4.802644,-75.832822,4.8106235,-75.6818366,10.584
2025-03-29,Andes,AV16,11040635,15.8333333,4.802644,-75.832822,4.81304,-75.6882,1.19699999748
2025-03-29,Andes,AV16,11453041,8.3333333,4.802644,-75.832822,4.8128508,-75.6884321,0.62999999748
2025-03-29,Andes,AV16,13824042,12.8333333,4.802644,-75.832822,4.784867161,-75.69904882,0.97019999748
2025-03-29,Andes,AV16,12981951,43.9166666,4.802644,-75.832822,4.79627,-75.6952,3.32009999496
2025-03-29,Andes,AV16,10466322,17.4583334,4.802644,-75.832822,4.79636,-75.694,1.3198500050400002
2025-03-29,Andes,AV16,13171189,0.25,4.802644,-75.832822,4.814045713,-75.71256393,0.0189
2025-03-29,Andes,AV16,10466813,6.0,4.802644,-75.832822,4.80368,-75.7057,0.4536
2025-03-29,Andes,AV16,13988300,10.3333333,4.802644,-75.832822,4.79069496,-75.668545,0.78119999748
2025-03-29,Andes,AV16,10413073,7.0,4.802644,-75.832822,4.78898,-75.7382,0.5292
2025-03-29,Andes,AV16,10829923,2.77,4.802644,-75.832822,5.069131,-75.498002,0.209412
2025-03-29,Andes,AV16,10829987,3.6666666,4.802644,-75.832822,5.07366,-75.4981,0.27719999496
2025-03-29,Andes,AV16,10416731,6.0,4.802644,-75.832822,4.79337,-75.7376,0.4536
2025-03-29,Andes,AV16,11545797,12.3333334,4.802644,-75.832822,5.044048,-75.512874,0.93240000504
2025-03-29,Andes,AV16,13185942,4.4166666,4.802644,-75.832822,5.043007451,-75.50993466,0.33389999496
2025-03-29,Andes,AV16,11680331,0.25,4.802644,-75.832822,5.06219,-75.5198,0.0189
2025-03-29,Andes,AV16,10458691,14.9999999,4.802644,-75.832822,4.8132809,-75.6633759,1.1339999924400002
2025-03-29,Andes,AV16,13114299,2.9166666,4.802644,-75.832822,5.076209778,-75.49554631,0.22049999496
2025-03-29,Andes,AV16,12169201,3.02,4.802644,-75.832822,4.7903398,-75.7369661,0.228312
2025-03-29,Andes,AV16,12150587,4.0,4.802644,-75.832822,4.82535,-75.7100928,0.3024
2025-03-29,Andes,AV16,14127150,9.0000001,4.802644,-75.832822,4.7964406,-75.7105,0.68040000756
2025-03-29,Andes,AV16,14006755,2.6666667,4.802644,-75.832822,4.7860413,-75.72415,0.20160000252
2025-03-29,Andes,AV16,14238014,3.0916667,4.802644,-75.832822,4.804107746,-75.73374582,0.23373000252
2025-03-29,Andes,AV16,14190975,8.0,4.802644,-75.832822,4.8176789,-75.6794528,0.6048
2025-03-29,Andes,AV16,11252914,0.25,4.802644,-75.832822,4.81449,-75.6936,0.0189
2025-03-29,Andes,AV16,12933608,0.25,4.802644,-75.832822,4.82961,-75.6783,0.0189
2025-03-29,Andes,AV16,12531491,0.25,4.802644,-75.832822,5.062115,-75.469812,0.0189
2025-03-29,Andes,AV16,12859086,13.0,4.802644,-75.832822,4.7749927,-75.7101543,0.9828
2025-03-29,Andes,AV16,13995326,0.25,4.802644,-75.832822,5.0572109,-75.4867268,0.0189
2025-03-29,Andes,AV16,13743526,2.97,4.802644,-75.832822,4.798602568,-75.73673679,0.224532
2025-03-29,Andes,AV16,12606012,3.4166667,4.802644,-75.832822,4.801346483,-75.69154478,0.25830000252
2025-03-29,Andes,AV16,11268950,0.25,4.802644,-75.832822,4.81449,-75.6936,0.0189
2025-03-29,Andes,AV16,12245793,0.25,4.802644,-75.832822,4.8475449,-75.6543902,0.0189
2025-03-29,Andes,AV16,12420820,4.02,4.802644,-75.832822,4.81639,-75.6984,0.3039119999999999
2025-03-29,Andes,AV16,11530600,4.0,4.802644,-75.832822,4.8182182,-75.6893438,0.3024
2025-03-29,Andes,AV16,13029434,4.0,4.802644,-75.832822,4.79248,-75.67918851,0.3024
2025-03-29,Andes,AV16,11728479,11.6666667,4.802644,-75.832822,4.79879278,-75.7363033,0.88200000252
2025-03-29,Andes,AV16,13450849,12.9166666,4.802644,-75.832822,4.819580541,-75.71736546,0.97649999496
2025-03-29,Andes,AV16,10456846,0.25,4.802644,-75.832822,4.834169,-75.672602,0.0189
2025-03-29,Andes,AV16,10414023,6.1666667,4.802644,-75.832822,4.8184825,-75.7090703,0.46620000252
2025-03-29,Andes,AV16,10824746,35.6666666,4.802644,-75.832822,5.044048,-75.512874,2.69639999496
2025-03-29,Andes,AV16,13543611,0.25,4.802644,-75.832822,4.813233951,-75.6926655,0.0189
2025-03-29,Andes,AV16,12996762,10.5,4.802644,-75.832822,4.7958165,-75.7083156,0.7938000000000001
2025-03-29,Andes,AV16,12866294,6.3333333,4.802644,-75.832822,4.789880727,-75.70877863,0.4787999974799999
2025-03-29,Andes,AV16,11763662,3.4166667,4.802644,-75.832822,4.7981515,-75.6673362,0.25830000252
2025-03-29,Andes,AV16,12745246,2.4166667,4.802644,-75.832822,4.7851844,-75.6710152,0.18270000252
2025-03-29,Andes,AV16,13768539,36.75,4.802644,-75.832822,4.800472,-75.7081,2.7783
2025-03-29,Andes,AV16,10829579,0.25,4.802644,-75.832822,5.04879,-75.4829,0.0189
2025-03-29,Andes,AV16,13028093,3.6666667,4.802644,-75.832822,5.070545343,-75.49206706,0.27720000252
2025-03-29,Andes,AV16,14190492,2.0,4.802644,-75.832822,4.817937941,-75.70076214,0.1512
2025-03-29,Andes,AV16,12469948,32.5,4.802644,-75.832822,4.807673963,-75.67176052,2.457
2025-03-29,Andes,AV16,12503578,9.0833333,4.802644,-75.832822,4.7950649,-75.7068751,0.68669999748
2025-03-29,Andes,AV16,11127239,3.3333333,4.802644,-75.832822,5.08723,-75.4887,0.25199999748
2025-03-29,Andes,AV16,13799735,0.25,4.802644,-75.832822,4.8123063,-75.7319415,0.0189
2025-03-29,Andes,AV16,14133276,5.0,4.802644,-75.832822,5.0720988,-75.4892054,0.378
2025-03-29,Andes,AV16,10416730,7.5,4.802644,-75.832822,4.792,-75.6796,0.567
2025-03-29,Andes,AV16,13877450,70.0,4.802644,-75.832822,4.815850552,-75.70003657,5.292
2025-03-29,Andes,AV16,11516778,0.7,4.802644,-75.832822,4.81598,-75.6989,0.0529199999999999
2025-03-29,Andes,AV16,13945772,4.0,4.802644,-75.832822,4.81294191,-75.686282,0.3024
2025-03-29,Andes,AV16,14007501,0.25,4.802644,-75.832822,5.05761451,-75.4866222,0.0189
2025-03-29,Andes,AV16,12855464,0.25,4.802644,-75.832822,5.054155537,-75.50763755,0.0189
2025-03-29,Andes,AV16,12284572,9.0,4.802644,-75.832822,4.81569,-75.6882,0.6804
2025-03-29,Andes,AV16,13978467,59.0,4.802644,-75.832822,4.813392,-75.801643,4.4604
2025-03-29,Andes,AV16,13034003,2.3333333,4.802644,-75.832822,4.799280785,-75.66729155,0.17639999748
2025-03-29,Andes,AV16,14196032,1.0833333,4.802644,-75.832822,4.816005738,-75.69841761,0.08189999748
2025-03-29,Andes,AV16,11801490,3.15,4.802644,-75.832822,4.8007086,-75.7126294,0.23814
2025-03-29,Andes,AV16,12446989,4.0,4.802644,-75.832822,4.82621,-75.6963,0.3024
2025-03-29,Andes,AV16,13987857,0.25,4.802644,-75.832822,4.81484,-75.6903,0.0189
2025-03-29,Andes,AV16,10430812,13.0,4.802644,-75.832822,4.80373,-75.7357,0.9828
2025-03-29,Andes,AV16,13184390,4.0,4.802644,-75.832822,5.042319828,-75.52178632,0.3024
2025-03-29,Andes,AV16,11143473,6.6666667,4.802644,-75.832822,4.79538,-75.7337,0.50400000252
2025-03-29,Andes,AV16,10829892,0.25,4.802644,-75.832822,5.0649287,-75.5039466,0.0189
2025-03-29,Andes,AV16,10464599,5.02,4.802644,-75.832822,4.81101,-75.7024,0.3795119999999999
2025-03-29,Andes,AV16,11560920,0.25,4.802644,-75.832822,4.8361346,-75.6683891,0.0189
2025-03-29,Andes,AV16,10828034,41.02,4.802644,-75.832822,5.0385638,-75.5197268,3.101112
2025-03-29,Andes,AV16,13197930,0.25,4.802644,-75.832822,4.81651,-75.71,0.0189
2025-03-29,Andes,AV16,10412486,0.25,4.802644,-75.832822,4.82348,-75.6781,0.0189
2025-03-29,Andes,AV16,10829514,0.25,4.802644,-75.832822,5.05341,-75.4953,0.0189
2025-03-29,Andes,AV16,11730086,0.25,4.802644,-75.832822,5.06747,-75.5115,0.0189
2025-03-29,Andes,AV16,12850811,0.25,4.802644,-75.832822,4.827182333,-75.68017079,0.0189
2025-03-29,Andes,AV16,11247794,4.6666666,4.802644,-75.832822,4.81895,-75.7048,0.35279999496
2025-03-29,Andes,AV16,10464130,9.3333333,4.802644,-75.832822,4.8055701,-75.6678298,0.70559999748
2025-03-29,Andes,AV16,13478950,0.25,4.802644,-75.832822,5.067247856,-75.52276874,0.0189
2025-03-29,Andes,AV16,10416241,18.6666666,4.802644,-75.832822,4.7990018,-75.7547631,1.41119999496
2025-03-29,Andes,AV16,13026104,0.25,4.802644,-75.832822,4.87928,-75.6242,0.0189
2025-03-29,Andes,AV16,10415375,5.2666666,4.802644,-75.832822,4.81333,-75.6603,0.39815999496
2025-03-29,Andes,AV16,12606849,2.25,4.802644,-75.832822,5.044998099,-75.5146692,0.1701
2025-03-29,Andes,AV16,10834864,5.0,4.802644,-75.832822,5.064111,-75.4981974,0.378
2025-03-29,Andes,AV16,10830126,1.0,4.802644,-75.832822,5.07264683,-75.50660049,0.0756
2025-03-29,Andes,AV16,10466320,28.25,4.802644,-75.832822,4.7949966,-75.6925555,2.1357
2025-03-29,Andes,AV16,14004375,0.25,4.802644,-75.832822,4.82332616,-75.67479717,0.0189
2025-03-29,Andes,AV16,13026659,19.6666666,4.802644,-75.832822,4.800194,-75.697,1.48679999496
2025-03-29,Andes,AV16,10415712,0.25,4.802644,-75.832822,4.81594,-75.6986,0.0189
2025-03-29,Andes,AV16,12149380,2.4166667,4.802644,-75.832822,4.808110168,-75.672427,0.18270000252
2025-03-29,Andes,AV16,14100987,3.5,4.802644,-75.832822,4.85143,-75.6558961,0.2646
2025-03-29,Andes,AV16,11432858,9.15,4.802644,-75.832822,4.8089723,-75.7041314,0.69174
2025-03-29,Andes,AV16,10834866,13.8,4.802644,-75.832822,5.060855,-75.488807,1.04328
2025-03-29,Andes,AV16,10460486,0.25,4.802644,-75.832822,4.8350292,-75.6922065,0.0189
2025-03-29,Andes,AV16,10465680,8.3333333,4.802644,-75.832822,4.8038167,-75.697126,0.62999999748
2025-03-29,Andes,AV16,11634751,4.8333333,4.802644,-75.832822,5.07397,-75.4973,0.3653999974799999
2025-03-29,Andes,AV16,10464626,4.1666666,4.802644,-75.832822,4.8094,-75.6787,0.31499999496
2025-03-29,Andes,AV16,11437081,3.3333333,4.802644,-75.832822,4.80226,-75.7077,0.25199999748
2025-03-29,Andes,AV16,11142670,4.25,4.802644,-75.832822,4.8114077,-75.6810065,0.3213
2025-03-29,Andes,AV16,11531269,16.9999999,4.802644,-75.832822,4.80831,-75.7035,1.28519999244
2025-03-29,Andes,AV16,11619611,18.0,4.802644,-75.832822,4.81259,-75.6887,1.3608
2025-03-29,Andes,AV16,11591020,0.25,4.802644,-75.832822,4.80965,-75.7606,0.0189
2025-03-29,Andes,AV16,14018825,3.5833334,4.802644,-75.832822,5.0473142,-75.5160563,0.27090000504
2025-03-29,Andes,AV16,10434943,9.6666666,4.802644,-75.832822,4.79839,-75.6936,0.7307999949599999
2025-03-29,Andes,AV16,11463657,26.5833333,4.802644,-75.832822,4.80478,-75.6985,2.00969999748
2025-03-29,Andes,AV16,12739629,4.0,4.802644,-75.832822,4.8277137,-75.6965398,0.3024
2025-03-29,Andes,AV16,11175545,0.25,4.802644,-75.832822,5.05093,-75.4809,0.0189
2025-03-29,Andes,AV16,12416082,9.0,4.802644,-75.832822,5.04373,-75.5205,0.6804
2025-03-29,Andes,AV16,10418604,3.0,4.802644,-75.832822,4.80462,-75.671,0.2268
2025-03-29,Andes,AV16,13167872,0.25,4.802644,-75.832822,5.053275287,-75.48129394,0.0189
2025-03-29,Andes,AV16,12587095,13.2083333,4.802644,-75.832822,4.81106,-75.6937,0.99854999748
2025-03-29,Andes,AV16,13931920,3.0,4.802644,-75.832822,4.81504384,-75.697018,0.2268
2025-03-29,Andes,AV16,10419611,14.8333333,4.802644,-75.832822,4.81206,-75.6881,1.12139999748
2025-03-29,Andes,AV16,12131792,6.75,4.802644,-75.832822,4.81328,-75.6892,0.5103
2025-03-29,Andes,AV16,10825311,8.0,4.802644,-75.832822,5.07398,-75.4944,0.6048
2025-03-29,Andes,AV16,12503734,4.5833333,4.802644,-75.832822,5.04335,-75.5174,0.34649999748
2025-03-29,Andes,AV16,10420623,4.0,4.802644,-75.832822,4.80289,-75.7041,0.3024
2025-03-29,Andes,AV16,13016575,13.5833333,4.802644,-75.832822,4.798235178,-75.66602368,1.02689999748
2025-03-29,Andes,AV16,11715589,6.0,4.802644,-75.832822,4.81216,-75.7027,0.4536
2025-03-29,Andes,AV16,10463032,12.1166667,4.802644,-75.832822,4.81088,-75.683,0.91602000252
2025-03-29,Andes,AV16,10824799,0.25,4.802644,-75.832822,5.06103,-75.4768,0.0189
2025-03-29,Andes,AV16,12578686,11.62,4.802644,-75.832822,4.7847391,-75.6706021,0.8784719999999999
2025-03-29,Andes,AV16,13745015,4.0,4.802644,-75.832822,4.80864,-75.72516437,0.3024
2025-03-29,Andes,AV16,12569788,8.6666667,4.802644,-75.832822,4.817,-75.679516,0.65520000252
2025-03-29,Andes,AV16,14110273,8.02,4.802644,-75.832822,4.78821709,-75.669926,0.606312
2025-03-29,Andes,AV16,11491888,0.25,4.802644,-75.832822,4.8272194,-75.6813621,0.0189
2025-03-29,Andes,AV16,10413796,12.3333334,4.802644,-75.832822,4.7989795,-75.6659012,0.93240000504
2025-03-29,Andes,AV16,11056229,0.25,4.802644,-75.832822,4.8159697,-75.69662,0.0189
2025-03-29,Andes,AV16,10412736,0.25,4.802644,-75.832822,4.82337,-75.731,0.0189
2025-03-29,Andes,AV16,11299681,0.25,4.802644,-75.832822,4.86116,-75.6134,0.0189
2025-03-29,Andes,AV16,12141748,0.25,4.802644,-75.832822,5.06567,-75.5028,0.0189
2025-03-29,Andes,AV16,11356763,6.0,4.802644,-75.832822,5.0429296,-75.5103665,0.4536
2025-03-29,Andes,AV16,11622091,15.0,4.802644,-75.832822,4.7640946,-75.6374626,1.134
2025-03-29,Andes,AV16,12495338,12.75,4.802644,-75.832822,4.81514,-75.6996,0.9639
2025-03-29,Andes,AV16,14113009,3.25,4.802644,-75.832822,4.796709233,-75.70828043,0.2457
2025-03-29,Andes,AV16,10825644,2.0,4.802644,-75.832822,5.07077,-75.4928,0.1512
2025-03-29,Andes,AV16,10420629,0.25,4.802644,-75.832822,4.8111702,-75.6931964,0.0189
2025-03-29,Andes,AV16,12437314,7.0,4.802644,-75.832822,5.0905546,-75.4890499,0.5292
2025-03-29,Andes,AV16,11545139,12.6666666,4.802644,-75.832822,4.81019,-75.6946,0.95759999496
2025-03-29,Andes,AV16,12777143,3.0,4.802644,-75.832822,4.803918899,-75.69847378,0.2268
2025-03-29,Andes,AV16,13109990,2.4166667,4.802644,-75.832822,4.8133085,-75.6796749,0.18270000252
2025-03-29,Andes,AV16,10828944,6.3333333,4.802644,-75.832822,5.06703,-75.5204,0.4787999974799999
2025-03-29,Andes,AV16,12947401,3.25,4.802644,-75.832822,4.7890089,-75.6708231,0.2457
2025-03-29,Andes,AV16,10414073,11.6666666,4.802644,-75.832822,4.8181412,-75.7135997,0.8819999949599999
2025-03-29,Andes,AV16,12862257,30.0,4.802644,-75.832822,4.800574378,-75.73141953,2.268
2025-03-29,Andes,AV16,14222960,3.0000001,4.802644,-75.832822,4.7990503,-75.7133562,0.22680000756
2025-03-29,Andes,AV16,14217594,8.04,4.802644,-75.832822,4.813716422,-75.70776232,0.6078239999999999
2025-03-29,Andes,AV16,13450112,8.0833333,4.802644,-75.832822,4.796859277,-75.70816614,0.61109999748
2025-03-29,Andes,AV16,10825472,2.75,4.802644,-75.832822,5.0433902,-75.5139771,0.2079
2025-03-29,Andes,AV16,11544525,8.75,4.802644,-75.832822,4.8142453,-75.6816976,0.6615
2025-03-29,Andes,AV16,11137154,2.3333333,4.802644,-75.832822,4.79483,-75.7293,0.17639999748
2025-03-29,Andes,AV16,13314795,6.8333333,4.802644,-75.832822,4.788435211,-75.74307125,0.51659999748
2025-03-29,Andes,AV16,11228350,7.5833333,4.802644,-75.832822,4.799324991,-75.65730436,0.5732999974799999
2025-03-29,Andes,AV16,13248019,3.6666667,4.802644,-75.832822,5.048600593,-75.51137368,0.27720000252
2025-03-29,Andes,AV16,14127321,5.0,4.802644,-75.832822,4.791860061,-75.66843655,0.378
2025-03-29,Andes,AV16,10412525,4.0,4.802644,-75.832822,4.80128,-75.7175,0.3024
2025-03-29,Andes,AV16,11147510,0.25,4.802644,-75.832822,4.8179334,-75.6804893,0.0189
2025-03-29,Andes,AV16,12070109,20.3733333,4.802644,-75.832822,4.7445469,-75.677021,1.5402239974799998
2025-03-29,Andes,AV16,10460776,3.6666666,4.802644,-75.832822,4.78337,-75.6957,0.27719999496
2025-03-29,Andes,AV16,12734368,0.25,4.802644,-75.832822,4.805765529,-75.7299456,0.0189
2025-03-29,Andes,AV16,11284892,7.6866667,4.802644,-75.832822,4.80321,-75.6966,0.58111200252
2025-03-29,Andes,AV16,10500584,8.9166667,4.802644,-75.832822,4.7941021,-75.6771901,0.67410000252
2025-03-29,Andes,AV16,12518827,0.25,4.802644,-75.832822,5.031717406,-75.46497703,0.0189
2025-03-29,Andes,AV16,12515207,2.5833333,4.802644,-75.832822,5.066794,-75.495991,0.19529999748
2025-03-29,Andes,AV16,14121558,21.0,4.802644,-75.832822,4.8131535,-75.6900925,1.5876
2025-03-29,Andes,AV16,10825327,1.5333333,4.802644,-75.832822,5.07264,-75.495,0.11591999748
2025-03-29,Andes,AV16,11206769,3.0,4.802644,-75.832822,5.0465,-75.5152,0.2268
2025-03-29,Andes,AV16,11314547,1831.3333334,4.802644,-75.832822,5.0667883,-75.501871,138.44880000504
2025-03-29,Andes,AV16,10829972,3.0,4.802644,-75.832822,5.07303,-75.5006,0.2268
2025-03-29,Andes,AV16,12150797,51.6666666,4.802644,-75.832822,5.0703228,-75.4924061,3.90599999496
2025-03-29,Andes,AV16,11556853,5.9166666,4.802644,-75.832822,4.8000025,-75.734989,0.44729999496
2025-03-29,Andes,AV16,13653264,5.3333333,4.802644,-75.832822,4.785835,-75.66555,0.4031999974799999
2025-03-29,Andes,AV16,14171293,0.3533333,4.802644,-75.832822,5.06657787,-75.49749886,0.02671199748
2025-03-29,Andes,AV16,10828342,8.6666667,4.802644,-75.832822,5.04456,-75.5216,0.65520000252
2025-03-29,Andes,AV16,10415895,12.02,4.802644,-75.832822,4.7996391,-75.7315575,0.908712
2025-03-29,Andes,AV16,10975819,1000.0,4.802644,-75.832822,4.8353088,-75.6693045,75.6
2025-03-29,Andes,AV16,12274695,10.8333333,4.802644,-75.832822,4.79922,-75.7282,0.81899999748
2025-03-29,Andes,AV16,12479520,3.3333333,4.802644,-75.832822,4.807735354,-75.70353486,0.25199999748
2025-03-29,Andes,AV16,12449631,0.25,4.802644,-75.832822,5.03265,-75.4682,0.0189
2025-03-29,Andes,AV16,10829133,3.1666667,4.802644,-75.832822,5.07922,-75.4857,0.23940000252
2025-03-29,Andes,AV16,10428511,3.2,4.802644,-75.832822,4.80326,-75.6997,0.24192
2025-03-29,Andes,AV16,12244562,12.25,4.802644,-75.832822,4.8114926,-75.6885982,0.9261
2025-03-29,Andes,AV16,12943588,16.0,4.802644,-75.832822,4.81201189,-75.66150117,1.2096
2025-03-29,Andes,AV16,11609933,5.8333333,4.802644,-75.832822,4.81237,-75.6798,0.4409999974799999
2025-03-29,Andes,AV16,12558476,4.25,4.802644,-75.832822,4.7882888,-75.673225,0.3213
2025-03-29,Andes,AV16,11031628,0.25,4.802644,-75.832822,4.83812,-75.6713,0.0189
2025-03-29,Andes,AV16,13021221,2.4166667,4.802644,-75.832822,4.7871714,-75.6668648,0.18270000252
2025-03-29,Andes,AV16,13185638,90.0,4.802644,-75.832822,4.809745935,-75.68677226,6.804
2025-03-29,Andes,AV16,13543246,4.25,4.802644,-75.832822,4.814811458,-75.70300921,0.3213
2025-03-29,Andes,AV16,10467360,80.6666667,4.802644,-75.832822,4.80557,-75.731,6.098400002519999
2025-03-29,Andes,AV16,12651772,0.25,4.802644,-75.832822,4.872488287,-75.6288747,0.0189
2025-03-29,Andes,AV16,10957575,6.75,4.802644,-75.832822,4.7903666,-75.7243641,0.5103
2025-03-29,Andes,AV16,13947668,5.3333333,4.802644,-75.832822,4.79023013,-75.737831,0.4031999974799999
2025-03-29,Andes,AV16,11681721,5.02,4.802644,-75.832822,4.80782,-75.695,0.3795119999999999
2025-03-29,Andes,AV16,14192349,3.25,4.802644,-75.832822,4.790814,-75.7474475,0.2457
2025-03-29,Andes,AV16,11176120,7.1,4.802644,-75.832822,4.8055603,-75.7035346,0.53676
2025-03-29,Andes,AV16,10455220,5.3333333,4.802644,-75.832822,4.8187539,-75.6868375,0.4031999974799999
2025-03-29,Andes,AV16,10830160,5.0,4.802644,-75.832822,5.04558,-75.5163,0.378
2025-03-29,Andes,AV16,10434824,5.0,4.802644,-75.832822,4.80055,-75.6976,0.378
2025-03-29,Andes,AV16,12469883,1.675,4.802644,-75.832822,4.8107,-75.6816,0.12663
2025-03-29,Andes,AV16,11314547,915.6666667,4.802644,-75.832822,5.0667883,-75.501871,69.22440000252
2025-03-29,Andes,AV16,12488944,0.25,4.802644,-75.832822,4.81172,-75.6962,0.0189
2025-03-29,Andes,AV16,13474163,0.25,4.802644,-75.832822,4.794610404,-75.73612101,0.0189
2025-03-29,Andes,AV16,11515101,5.25,4.802644,-75.832822,4.7857634,-75.6657099,0.3969
2025-03-29,Andes,AV16,14031687,0.25,4.802644,-75.832822,5.06577668,-75.50280053,0.0189
2025-03-29,Andes,AV16,12244533,0.25,4.802644,-75.832822,4.79817,-75.7237,0.0189
2025-03-29,Andes,AV16,10446639,6.6866667,4.802644,-75.832822,4.7960747,-75.7372905,0.50551200252
2025-03-29,Andes,AV16,10825509,9.0,4.802644,-75.832822,5.04237,-75.5192,0.6804
2025-03-29,Andes,AV16,13531382,0.25,4.802644,-75.832822,4.805028673,-75.69097958,0.0189
2025-03-29,Andes,AV16,12529062,6.9166666,4.802644,-75.832822,4.812293654,-75.70347352,0.5228999949600001
2025-03-29,Andes,AV16,10829004,4.8333334,4.802644,-75.832822,5.044048,-75.512874,0.36540000504
2025-03-29,Andes,AV16,11476451,0.25,4.802644,-75.832822,4.81194,-75.7004,0.0189
2025-03-29,Andes,AV16,11608132,9.5,4.802644,-75.832822,4.81239,-75.6879726,0.7182
2025-03-29,Andes,AV16,10415256,6.3333333,4.802644,-75.832822,4.81504,-75.7146,0.4787999974799999
2025-03-29,Andes,AV16,12939508,2.0833334,4.802644,-75.832822,5.04326,-75.5107,0.15750000504
2025-03-29,Andes,AV16,12567167,0.25,4.802644,-75.832822,5.05970537,-75.507183,0.0189
2025-03-29,Andes,AV16,10828823,3.6666667,4.802644,-75.832822,5.06983,-75.5163,0.27720000252
2025-03-29,Andes,AV16,10458755,29.06,4.802644,-75.832822,4.81127,-75.6635,2.196936
2025-03-29,Andes,AV16,11663435,0.25,4.802644,-75.832822,4.8537946,-75.6621829,0.0189
2025-03-29,Andes,AV16,12555304,14.2499999,4.802644,-75.832822,4.80595,-75.7035,1.07729999244
2025-03-29,Andes,AV16,13198348,331.6666666,4.802644,-75.832822,4.810515591,-75.68531239,25.07399999496
2025-03-29,Andes,AV16,13816203,4.6666667,4.802644,-75.832822,5.043555382,-75.51955172,0.35280000252
2025-03-29,Andes,AV16,12589642,20.0,4.802644,-75.832822,4.821858043,-75.70632772,1.512
2025-03-29,Andes,AV16,11639970,1.0,4.802644,-75.832822,5.04557,-75.5219,0.0756
2025-03-29,Andes,AV16,12778383,4.5,4.802644,-75.832822,4.809370257,-75.70710393,0.3402
2025-03-29,Andes,AV16,11327469,0.25,4.802644,-75.832822,5.04553,-75.5131,0.0189
2025-03-29,Andes,AV16,12577191,11.8333334,4.802644,-75.832822,4.79911,-75.6959,0.89460000504
2025-03-29,Andes,AV16,11333013,0.25,4.802644,-75.832822,4.81651,-75.7026,0.0189
2025-03-29,Andes,AV16,11355630,5.0,4.802644,-75.832822,4.78482,-75.699,0.378
2025-03-29,Andes,AV16,12398623,4.3333333,4.802644,-75.832822,4.815867352,-75.69701637,0.3275999974799999
2025-03-29,Andes,AV16,12489328,7.6666667,4.802644,-75.832822,5.044025653,-75.51662624,0.57960000252
2025-03-29,Andes,AV16,13962902,6.0,4.802644,-75.832822,4.80383298,-75.708382,0.4536
2025-03-29,Andes,AV16,12578371,300.0,4.802644,-75.832822,4.806737,-75.766583,22.68
2025-03-29,Andes,AV16,10826996,0.25,4.802644,-75.832822,5.167125,-75.521209,0.0189
2025-03-29,Andes,AV16,10445775,11.0,4.802644,-75.832822,4.80468,-75.6905,0.8316
2025-03-29,Andes,AV16,13054304,6.0,4.802644,-75.832822,4.818538963,-75.71828172,0.4536
2025-03-29,Andes,AV16,10828481,6.0,4.802644,-75.832822,5.08431,-75.5144,0.4536
2025-03-29,Andes,AV16,13975462,7.22,4.802644,-75.832822,4.800569952,-75.69877399,0.545832
2025-03-29,Andes,AV16,10825430,0.25,4.802644,-75.832822,5.068938,-75.522397,0.0189
2025-03-29,Andes,AV16,10419161,9.5,4.802644,-75.832822,4.80895,-75.7053,0.7182
2025-03-29,Andes,AV16,12642985,0.25,4.802644,-75.832822,5.06719,-75.5122,0.0189
2025-03-29,Andes,AV16,13023127,3.0,4.802644,-75.832822,4.81941,-75.6981,0.2268
2025-03-29,Andes,AV16,12238831,0.25,4.802644,-75.832822,4.84235,-75.6572,0.0189
2025-03-29,Andes,AV16,12488352,0.25,4.802644,-75.832822,4.842456228,-75.67475516,0.0189
2025-03-29,Andes,AV16,10464671,5.25,4.802644,-75.832822,4.80999,-75.6838,0.3969
2025-03-29,Andes,AV16,10466780,13.3333334,4.802644,-75.832822,4.80744,-75.7028,1.00800000504
2025-03-29,Andes,AV16,12561978,4.3533333,4.802644,-75.832822,4.80085,-75.7079,0.32911199748
2025-03-29,Andes,AV16,14253714,8.6666666,4.802644,-75.832822,4.7966194,-75.7480652,0.6551999949599999
2025-03-29,Andes,AV16,13718716,8.75,4.802644,-75.832822,5.042481077,-75.51478785,0.6615
2025-03-29,Andes,AV16,12609868,4.0,4.802644,-75.832822,5.08269,-75.5129,0.3024
2025-03-29,Andes,AV16,10462997,2.5,4.802644,-75.832822,4.81114,-75.6854,0.189
2025-03-29,Andes,AV16,10878721,2.0,4.802644,-75.832822,4.8130866,-75.6900364,0.1512
2025-03-29,Andes,AV16,14021642,8.75,4.802644,-75.832822,5.06656,-75.497,0.6615
2025-03-29,Andes,AV16,14047023,9.5,4.802644,-75.832822,4.762555907,-75.70434233,0.7182
2025-03-29,Andes,AV16,14142293,3.7333334,4.802644,-75.832822,4.8031245,-75.7306058,0.2822400050399999
2025-03-29,Andes,AV16,11556283,2.5,4.802644,-75.832822,5.070091,-75.4914,0.189
2025-03-29,Andes,AV16,10463173,8.0,4.802644,-75.832822,4.81282,-75.6868,0.6048
2025-03-29,Andes,AV16,12113471,0.25,4.802644,-75.832822,5.04925,-75.4828,0.0189
2025-03-29,Andes,AV16,13028333,3.0,4.802644,-75.832822,4.818184,-75.6954,0.2268
2025-03-29,Andes,AV16,12246710,15.5,4.802644,-75.832822,4.8095276,-75.6662935,1.1718
2025-03-29,Andes,AV16,12734565,0.25,4.802644,-75.832822,4.79686,-75.708,0.0189
2025-03-29,Andes,AV16,14117422,4.0,4.802644,-75.832822,4.81139368,-75.70223,0.3024
2025-03-29,Andes,AV16,11252040,5.3333333,4.802644,-75.832822,4.81153,-75.7014,0.4031999974799999
2025-03-29,Andes,AV16,13667148,6.3333333,4.802644,-75.832822,4.82708849,-75.69681149,0.4787999974799999
2025-03-29,Andes,AV16,10474811,10.0,4.802644,-75.832822,4.81641393,-75.71000439,0.756
2025-03-29,Andes,AV16,14051067,5.5,4.802644,-75.832822,4.80959313,-75.717354,0.4158
2025-03-29,Andes,AV16,11314547,478.3333333,4.802644,-75.832822,5.0667883,-75.501871,36.16199999748
2025-03-29,Andes,AV16,11454129,2.6666667,4.802644,-75.832822,4.7974789,-75.7230513,0.20160000252
2025-03-29,Andes,AV16,13030677,3.3333333,4.802644,-75.832822,4.798008705,-75.66736114,0.25199999748
2025-03-29,Andes,AV16,14246448,2.5833334,4.802644,-75.832822,4.792442738,-75.67104399,0.19530000504
2025-03-29,Andes,AV16,10467366,3.0,4.802644,-75.832822,4.80568,-75.7299,0.2268
2025-03-29,Andes,AV16,10416990,0.25,4.802644,-75.832822,4.800623,-75.7428603,0.0189
2025-03-29,Andes,AV16,12509616,2.4166666,4.802644,-75.832822,4.79471,-75.6985,0.18269999496
2025-03-29,Andes,AV16,13403277,4.0,4.802644,-75.832822,4.81244,-75.6887,0.3024
2025-03-29,Andes,AV16,14129523,13.0,4.802644,-75.832822,4.788735737,-75.73544865,0.9828
2025-03-29,Andes,AV16,13987076,3.6666666,4.802644,-75.832822,4.821118948,-75.70989344,0.27719999496
2025-03-29,Andes,AV16,14130179,3.5,4.802644,-75.832822,4.796268218,-75.69338311,0.2646
2025-03-29,Andes,AV16,11257497,8.6666666,4.802644,-75.832822,4.79315,-75.712,0.6551999949599999
2025-03-29,Andes,AV16,10416770,11.0,4.802644,-75.832822,4.788885,-75.6737278,0.8316
2025-03-29,Andes,AV16,12113717,7.5,4.802644,-75.832822,4.8178821,-75.6787114,0.567
2025-03-29,Andes,AV16,13991531,2.5833334,4.802644,-75.832822,4.7893127,-75.7406936,0.19530000504
2025-03-29,Andes,AV16,10462560,4.9,4.802644,-75.832822,4.79262,-75.6713,0.37044
2025-03-29,Andes,AV16,12457560,8.5,4.802644,-75.832822,4.79077,-75.7393,0.6426000000000001
2025-03-29,Andes,AV16,13744711,4.8333333,4.802644,-75.832822,4.803077552,-75.66879788,0.3653999974799999
2025-03-29,Andes,AV16,14196986,2.4166667,4.802644,-75.832822,4.793976608,-75.67613784,0.18270000252
2025-03-29,Andes,AV16,13809393,32.8333333,4.802644,-75.832822,4.7974658,-75.7487691,2.48219999748
2025-03-29,Andes,AV16,11381312,7.0,4.802644,-75.832822,4.7971,-75.7109,0.5292
2025-03-29,Andes,AV16,13959163,3.25,4.802644,-75.832822,4.79388957,-75.676949,0.2457
2025-03-29,Andes,AV16,13651115,2.9166667,4.802644,-75.832822,4.798567327,-75.73618408,0.22050000252
2025-03-29,Andes,AV16,11288137,0.25,4.802644,-75.832822,5.03123,-75.4713,0.0189
2025-03-29,Andes,AV16,12773785,11.5,4.802644,-75.832822,4.796773421,-75.7323618,0.8694
2025-03-29,Andes,AV16,11150849,4.2,4.802644,-75.832822,4.8188985,-75.7013977,0.31752
2025-03-29,Andes,AV16,10414826,5.0,4.802644,-75.832822,4.7943327,-75.7359821,0.378
2025-03-29,Andes,AV16,14095890,8.6666667,4.802644,-75.832822,4.813052661,-75.65824889,0.65520000252
2025-03-29,Andes,AV16,12462270,7.8333333,4.802644,-75.832822,4.79664,-75.747,0.59219999748
2025-03-29,Andes,AV16,11549919,0.25,4.802644,-75.832822,4.86455,-75.6189,0.0189
2025-03-29,Andes,AV16,14155677,10.9166667,4.802644,-75.832822,4.7890141,-75.7273989,0.82530000252
2025-03-29,Andes,AV16,12811072,9.9166667,4.802644,-75.832822,4.7895986,-75.7267986,0.74970000252
2025-03-29,Andes,AV16,10471754,28.0,4.802644,-75.832822,4.8127828,-75.7089949,2.1168
2025-03-29,Andes,AV16,11437020,0.25,4.802644,-75.832822,4.86583,-75.6171,0.0189
2025-03-29,Andes,AV16,12181374,9.0,4.802644,-75.832822,5.0464228,-75.5151721,0.6804
2025-03-29,Andes,AV16,14009267,0.25,4.802644,-75.832822,5.0612532,-75.502577,0.0189
2025-03-29,Andes,AV16,14256058,6.3333334,4.802644,-75.832822,4.8161648,-75.7008398,0.47880000504
2025-03-29,Andes,AV16,13035842,6.0,4.802644,-75.832822,4.7964,-75.7094,0.4536
2025-03-29,Andes,AV16,14111117,2.0,4.802644,-75.832822,4.8092699,-75.707051,0.1512
2025-03-29,Andes,AV16,13590226,3.0,4.802644,-75.832822,5.076689551,-75.50344513,0.2268
2025-03-29,Andes,AV16,11244791,5.0,4.802644,-75.832822,4.7955343,-75.7338313,0.378
2025-03-29,Andes,AV16,11344858,7.7083333,4.802644,-75.832822,4.8001345,-75.7309412,0.58274999748
2025-03-29,Andes,AV16,10415106,5.3333333,4.802644,-75.832822,4.81273,-75.6578,0.4031999974799999
2025-03-29,Andes,AV16,11613842,6.0,4.802644,-75.832822,5.044048,-75.512874,0.4536
2025-03-29,Andes,AV16,11315062,13.1166667,4.802644,-75.832822,4.79612,-75.7321,0.99162000252
2025-03-29,Andes,AV16,10826337,5.02,4.802644,-75.832822,5.07633,-75.4883,0.3795119999999999
2025-03-29,Andes,AV16,10461414,0.25,4.802644,-75.832822,4.82488,-75.7277,0.0189
2025-03-29,Andes,AV16,12609548,16.25,4.802644,-75.832822,4.7911146,-75.747758,1.2285
2025-03-29,Andes,AV16,10432506,11.3333333,4.802644,-75.832822,4.81547,-75.6819,0.85679999748
2025-03-29,Andes,AV16,10829543,0.25,4.802644,-75.832822,5.05377,-75.4987,0.0189
2025-03-29,Andes,AV16,14111849,4.0,4.802644,-75.832822,4.796987539,-75.74862488,0.3024
2025-03-29,Andes,AV16,10466994,22.9166666,4.802644,-75.832822,4.81801,-75.6929,1.73249999496
2025-03-29,Andes,AV16,13033123,6.1666666,4.802644,-75.832822,5.068748386,-75.48570683,0.46619999496
2025-03-29,Andes,AV16,12152141,0.25,4.802644,-75.832822,4.80944,-75.7551,0.0189
2025-03-29,Andes,AV16,11353067,13.2700001,4.802644,-75.832822,4.79917,-75.7513,1.0032120075600002
2025-03-29,Andes,AV16,14255184,13.6666666,4.802644,-75.832822,5.06712142,-75.51488303,1.03319999496
2025-03-29,Andes,AV16,11295264,7.1866666,4.802644,-75.832822,4.82018,-75.7046,0.5433119949599999
2025-03-29,Andes,AV16,10445703,9.5833333,4.802644,-75.832822,4.7866934,-75.6722225,0.7244999974799999
2025-03-29,Andes,AV16,12273928,13.6916667,4.802644,-75.832822,4.8131172,-75.6636521,1.03509000252
2025-03-29,Andes,AV16,10824758,2.8333333,4.802644,-75.832822,5.04529,-75.5128,0.21419999748
2025-03-29,Andes,AV16,13853007,2.25,4.802644,-75.832822,4.808400677,-75.69658786,0.1701
2025-03-29,Andes,AV16,11275878,0.25,4.802644,-75.832822,5.05719,-75.4865,0.0189
2025-03-29,Andes,AV16,13878743,0.25,4.802644,-75.832822,4.8111672,-75.7972306,0.0189
2025-03-29,Andes,AV16,12287243,0.25,4.802644,-75.832822,4.836830035,-75.67526711,0.0189
2025-03-29,Andes,AV16,14042058,49.8333333,4.802644,-75.832822,4.795356963,-75.72975651,3.76739999748
2025-03-29,Andes,AV16,13647531,3.0,4.802644,-75.832822,4.797022,-75.737754,0.2268
2025-03-29,Andes,AV16,10471676,3.0,4.802644,-75.832822,4.8067722,-75.6843336,0.2268
2025-03-29,Andes,AV16,10415577,0.25,4.802644,-75.832822,4.8142282,-75.7046906,0.0189
2025-03-29,Andes,AV16,11002277,0.25,4.802644,-75.832822,4.91913,-75.6313,0.0189
2025-03-29,Andes,AV16,10828102,1.5,4.802644,-75.832822,5.07403,-75.4947,0.1134
2025-03-29,Andes,AV16,12506753,0.25,4.802644,-75.832822,4.8155499,-75.700088,0.0189
2025-03-29,Andes,AV16,14141550,24.5,4.802644,-75.832822,4.8272,-75.6973,1.8522
2025-03-29,Andes,AV16,10418482,3.5333333,4.802644,-75.832822,4.80742,-75.7013,0.26711999748
2025-03-29,Andes,AV16,11154532,0.25,4.802644,-75.832822,4.82691,-75.6791,0.0189
2025-03-29,Andes,AV16,12182873,0.25,4.802644,-75.832822,4.81529,-75.7077,0.0189
2025-03-29,Andes,AV16,10824754,24.0,4.802644,-75.832822,5.0451371,-75.5126071,1.8144
2025-03-29,Andes,AV16,12290321,0.25,4.802644,-75.832822,4.80778,-75.6908,0.0189
2025-03-29,Andes,AV16,12566214,39.75,4.802644,-75.832822,4.7864128,-75.7254606,3.0051
2025-03-29,Andes,AV16,13836377,3.3333333,4.802644,-75.832822,5.07284947,-75.50584178,0.25199999748
2025-03-29,Andes,AV16,10471685,500.0,4.802644,-75.832822,4.8090038,-75.7430978,37.8
2025-03-29,Andes,AV16,12747060,6.0,4.802644,-75.832822,4.789551935,-75.72874743,0.4536
2025-03-29,Andes,AV16,11730274,0.25,4.802644,-75.832822,5.06609,-75.5123,0.0189
2025-03-29,Andes,AV16,12506879,0.25,4.802644,-75.832822,4.81463,-75.7045,0.0189
2025-03-29,Andes,AV16,11355013,0.25,4.802644,-75.832822,4.86448,-75.6206,0.0189
2025-03-29,Andes,AV16,13979231,4.0,4.802644,-75.832822,4.79991177,-75.737766,0.3024
2025-03-29,Andes,AV16,13482532,3.52,4.802644,-75.832822,5.066471256,-75.49649767,0.266112
2025-03-29,Andes,AV16,14111049,2.3333333,4.802644,-75.832822,4.8092131,-75.7063433,0.17639999748
2025-03-29,Andes,AV16,12879526,9.0,4.802644,-75.832822,5.07777184,-75.49010118,0.6804
2025-03-29,Andes,AV16,13702244,2.3333333,4.802644,-75.832822,4.796639771,-75.7109456,0.17639999748
2025-03-29,Andes,AV16,10461297,0.25,4.802644,-75.832822,4.82318,-75.7308,0.0189
2025-03-29,Andes,AV16,10829014,4.0,4.802644,-75.832822,5.0472075,-75.5160939,0.3024
2025-03-29,Andes,AV16,10416633,5.0,4.802644,-75.832822,4.81137,-75.6864,0.378
2025-03-29,Andes,AV16,12900693,3.0,4.802644,-75.832822,4.808704148,-75.6831478,0.2268
2025-03-29,Andes,AV16,11291413,0.25,4.802644,-75.832822,4.79211,-75.7309,0.0189
2025-03-29,Andes,AV16,10413686,12.25,4.802644,-75.832822,4.8026,-75.7368,0.9261
2025-03-29,Andes,AV16,11372366,6.5,4.802644,-75.832822,4.79369,-75.7361,0.4914
2025-03-29,Andes,AV16,11539175,3.5,4.802644,-75.832822,5.06892,-75.4974,0.2646
2025-03-29,Andes,AV16,13983253,4.3333334,4.802644,-75.832822,4.78882411,-75.737384,0.32760000504
2025-03-29,Andes,AV16,14222889,6.5833333,4.802644,-75.832822,4.820410103,-75.7061382,0.49769999748
2025-03-29,Andes,AV16,14155623,2.0,4.802644,-75.832822,4.7934899,-75.6980453,0.1512
2025-03-29,Andes,AV16,10457129,0.25,4.802644,-75.832822,4.83162,-75.669,0.0189
2025-03-29,Andes,AV16,11245954,15.0,4.802644,-75.832822,5.04669,-75.5164,1.134
2025-03-29,Andes,AV16,14148902,4.1666667,4.802644,-75.832822,4.8189821,-75.7013557,0.31500000252
2025-03-29,Andes,AV16,10829534,0.25,4.802644,-75.832822,5.05491,-75.4981,0.0189
2025-03-29,Andes,AV16,13017248,8.0833333,4.802644,-75.832822,4.81916,-75.6969,0.61109999748
2025-03-29,Andes,AV16,11314547,915.6666667,4.802644,-75.832822,5.0667883,-75.501871,69.22440000252
2025-03-29,Andes,AV16,14256888,8.0416667,4.802644,-75.832822,4.808531325,-75.68276893,0.6079500025200001
2025-03-29,Andes,AV16,13589868,3.0,4.802644,-75.832822,5.045374564,-75.51324011,0.2268
2025-03-29,Andes,AV16,14179245,2.6666666,4.802644,-75.832822,4.812699161,-75.69115017,0.20159999496
2025-03-29,Andes,AV16,12630807,0.25,4.802644,-75.832822,4.815566616,-75.6889608,0.0189
2025-03-29,Andes,AV16,13027260,6.7083333,4.802644,-75.832822,4.815747054,-75.68265172,0.50714999748
2025-03-29,Andes,AV16,14106360,3.3333334,4.802644,-75.832822,4.805611928,-75.73100135,0.25200000504
2025-03-29,Andes,AV16,11245851,7.0,4.802644,-75.832822,4.79628,-75.7088,0.5292
2025-03-29,Andes,AV16,12553538,2.6666667,4.802644,-75.832822,4.787440977,-75.67266407,0.20160000252
2025-03-29,Andes,AV16,14162292,4.0,4.802644,-75.832822,5.0730851,-75.4999498,0.3024
2025-03-29,Andes,AV16,10464962,8.0833332,4.802644,-75.832822,4.81848,-75.691,0.61109998992
2025-03-29,Andes,AV16,12598785,1.25,4.802644,-75.832822,5.070002443,-75.49020651,0.0945
2025-03-29,Andes,AV16,10455172,5.0,4.802644,-75.832822,4.81749,-75.6844,0.378
2025-03-29,Andes,AV16,14160554,12.0,4.802644,-75.832822,4.7918897,-75.7305152,0.9072
2025-03-29,Andes,AV16,10463344,9.25,4.802644,-75.832822,4.814067,-75.688803,0.6993
2025-03-29,Andes,AV16,14260624,7.9999999,4.802644,-75.832822,4.811112881,-75.68011958,0.6047999924399999
2025-03-29,Andes,AV16,13837618,5.0,4.802644,-75.832822,4.7720239,-75.6922686,0.378
2025-03-29,Andes,AV16,10475058,0.25,4.802644,-75.832822,4.86128,-75.661,0.0189
2025-03-29,Andes,AV16,13974800,0.25,4.802644,-75.832822,5.0398883,-75.509042,0.0189
2025-03-29,Andes,AV16,10829943,2.2833333,4.802644,-75.832822,5.06995,-75.4994,0.1726199974799999
2025-03-29,Andes,AV16,14135438,9.0,4.802644,-75.832822,4.800035209,-75.73521819,0.6804
2025-03-29,Andes,AV16,10582843,700.0,4.802644,-75.832822,4.807975,-75.793953,52.92
2025-03-29,Andes,AV16,11247799,4.05,4.802644,-75.832822,5.07341401,-75.49050133,0.30618
2025-03-29,Andes,AV16,11756098,3.7,4.802644,-75.832822,4.8024725,-75.7228855,0.27972
2025-03-29,Andes,AV16,13522740,2.52,4.802644,-75.832822,5.066790918,-75.51630298,0.190512
2025-03-29,Andes,AV16,11782383,0.25,4.802644,-75.832822,5.0631166,-75.4969911,0.0189
2025-03-29,Andes,AV16,10463257,51.5,4.802644,-75.832822,4.8119,-75.6886,3.8934
2025-03-29,Andes,AV16,13945679,6.9999999,4.802644,-75.832822,4.800462887,-75.73200692,0.5291999924399999
2025-03-29,Andes,AV16,11232243,2.1666667,4.802644,-75.832822,5.07365,-75.4936,0.16380000252
2025-03-29,Andes,AV16,12442223,3.0,4.802644,-75.832822,4.7904657,-75.7388978,0.2268
2025-03-29,Andes,AV16,11768973,9.02,4.802644,-75.832822,5.0379388,-75.5227032,0.681912
2025-03-29,Andes,AV16,10828000,5.3666666,4.802644,-75.832822,5.06977,-75.4906,0.40571999496
2025-03-29,Andes,AV16,10828346,3.25,4.802644,-75.832822,5.06845,-75.5146,0.2457
2025-03-29,Andes,AV16,13802296,5.0,4.802644,-75.832822,5.0483013,-75.5149912,0.378
2025-03-29,Andes,AV16,11756636,22.7133333,4.802644,-75.832822,4.79072,-75.739,1.71712799748
2025-03-29,Andes,AV16,12539216,4.6666667,4.802644,-75.832822,4.805036,-75.72792,0.35280000252
2025-03-29,Andes,AV16,11602149,6.5,4.802644,-75.832822,4.79222,-75.711,0.4914
2025-03-29,Andes,AV16,10465459,21.6666667,4.802644,-75.832822,4.8179,-75.6997,1.63800000252
2025-03-29,Andes,AV16,10464777,2.6666667,4.802644,-75.832822,4.80935,-75.6858,0.20160000252
2025-03-29,Andes,AV16,13218672,2.75,4.802644,-75.832822,4.810281,-75.688118,0.2079
2025-03-29,Andes,AV16,12769738,11.3533333,4.802644,-75.832822,4.809248009,-75.6832,0.85831199748
2025-03-29,Andes,AV16,10830167,3.5000001,4.802644,-75.832822,5.0475549,-75.512901,0.26460000756
2025-03-29,Andes,AV16,11003753,0.25,4.802644,-75.832822,5.0437104,-75.5006744,0.0189
2025-03-29,Andes,AV16,13961668,6.3333333,4.802644,-75.832822,4.80539458,-75.703561,0.4787999974799999
2025-03-29,Andes,AV16,14130602,2.75,4.802644,-75.832822,4.7994694,-75.7387146,0.2079
2025-03-29,Andes,AV16,10434418,0.25,4.802644,-75.832822,4.79317,-75.7377,0.0189
2025-03-29,Andes,AV16,11366969,2.5,4.802644,-75.832822,4.7956,-75.7083,0.189
2025-03-29,Andes,AV16,12885952,0.25,4.802644,-75.832822,5.0548884,-75.5274439,0.0189
2025-03-29,Andes,AV16,11253265,4.0,4.802644,-75.832822,4.81033,-75.6857,0.3024
2025-03-29,Andes,AV16,10433577,0.25,4.802644,-75.832822,4.8678148,-75.6309916,0.0189
2025-03-29,Andes,AV16,14157000,4.6666666,4.802644,-75.832822,4.7919701,-75.7304113,0.35279999496
2025-03-29,Andes,AV16,14185497,7.6666667,4.802644,-75.832822,5.0736871,-75.4921817,0.57960000252
2025-03-29,Andes,AV16,10455216,9.4166667,4.802644,-75.832822,4.81706,-75.6832,0.7119000025200001
2025-03-29,Andes,AV16,11246676,0.25,4.802644,-75.832822,4.83047,-75.6865,0.0189
2025-03-29,Andes,AV16,10826445,8.75,4.802644,-75.832822,5.05273,-75.4952,0.6615
2025-03-29,Andes,AV16,10413583,6.2083334,4.802644,-75.832822,4.79599,-75.7295,0.46935000504
2025-03-29,Andes,AV16,14257061,16.8333333,4.802644,-75.832822,4.8002885,-75.708234,1.27259999748
2025-03-29,Andes,AV16,13721326,3.0,4.802644,-75.832822,5.071611047,-75.48846668,0.2268
2025-03-29,Andes,AV16,11137997,7.3333334,4.802644,-75.832822,5.04348,-75.5199,0.55440000504
2025-03-29,Andes,AV16,12513204,10.0,4.802644,-75.832822,4.8022,-75.7252,0.756
2025-03-29,Andes,AV16,13935930,12.0,4.802644,-75.832822,4.799651887,-75.7347288,0.9072
2025-03-29,Andes,AV16,10425069,0.25,4.802644,-75.832822,4.86622,-75.6168,0.0189
2025-03-29,Andes,AV16,11789836,3.0,4.802644,-75.832822,4.8127103,-75.6772492,0.2268
2025-03-29,Andes,AV16,10811837,3.9166666,4.802644,-75.832822,4.79412,-75.6982,0.29609999496
2025-03-29,Andes,AV16,10459057,0.25,4.802644,-75.832822,4.82516,-75.6958,0.0189
2025-03-29,Andes,AV16,10466983,10.25,4.802644,-75.832822,4.81829,-75.6948,0.7749
2025-03-29,Andes,AV16,12234662,0.25,4.802644,-75.832822,4.86867,-75.6201,0.0189
2025-03-29,Andes,AV16,12561999,4.6666667,4.802644,-75.832822,4.795751684,-75.73441247,0.35280000252
2025-03-29,Andes,AV16,11004780,5.3333333,4.802644,-75.832822,5.07933,-75.4865,0.4031999974799999
2025-03-29,Andes,AV16,13729108,2.0,4.802644,-75.832822,5.078580046,-75.49067581,0.1512
2025-03-29,Andes,AV16,10466563,2.7066667,4.802644,-75.832822,4.80332,-75.6997,0.20462400252
2025-03-29,Andes,AV16,10465819,9.02,4.802644,-75.832822,4.81314,-75.6829,0.681912
2025-03-29,Andes,AV16,11726631,3.25,4.802644,-75.832822,5.0346,-75.5091,0.2457
2025-03-29,Andes,AV16,14196033,13.0,4.802644,-75.832822,4.7971685,-75.7483187,0.9828
2025-03-29,Andes,AV16,14041847,4.0588235,4.802644,-75.832822,5.07246289,-75.48944,0.3068470566
2025-03-29,Andes,AV16,11622000,10.5833333,4.802644,-75.832822,4.818296,-75.7168675,0.8000999974799999
2025-03-29,Andes,AV16,11515100,0.25,4.802644,-75.832822,4.81559,-75.6975,0.0189
2025-03-29,Andes,AV16,12143397,9.3333333,4.802644,-75.832822,4.81103,-75.6856,0.70559999748
2025-03-29,Andes,AV16,14096312,2.9166667,4.802644,-75.832822,4.789551396,-75.72887477,0.22050000252
2025-03-29,Andes,AV16,11667009,8.9166666,4.802644,-75.832822,4.78905,-75.7276,0.67409999496
2025-03-29,Andes,AV16,10464872,8.8333333,4.802644,-75.832822,4.81402,-75.6831,0.66779999748
2025-03-29,Andes,AV16,12200200,5.5,4.802644,-75.832822,4.79064,-75.7373,0.4158
2025-03-29,Andes,AV16,11708906,3.0,4.802644,-75.832822,4.79258,-75.7452,0.2268
2025-03-29,Andes,AV16,13521646,13.5,4.802644,-75.832822,4.816169497,-75.70249006,1.0206
2025-03-29,Andes,AV16,12741067,0.25,4.802644,-75.832822,4.818687929,-75.70671409,0.0189
2025-03-29,Andes,AV16,12837954,2.25,4.802644,-75.832822,4.800614022,-75.7378906,0.1701
2025-03-29,Andes,AV16,12745259,2.3333333,4.802644,-75.832822,5.0803047,-75.4888584,0.17639999748
2025-03-29,Andes,AV16,10464994,3.75,4.802644,-75.832822,4.8201614,-75.6926847,0.2835
2025-03-29,Andes,AV16,12193810,8.0,4.802644,-75.832822,4.8044058,-75.7279506,0.6048
2025-03-29,Andes,AV16,13314606,10.0,4.802644,-75.832822,4.794284517,-75.73288239,0.756
2025-03-29,Andes,AV16,10412508,2.25,4.802644,-75.832822,4.80274,-75.7235,0.1701
2025-03-29,Andes,AV16,12221552,27.6666666,4.802644,-75.832822,4.7918997,-75.6687286,2.09159999496
2025-03-29,Andes,AV16,14148125,6.6666666,4.802644,-75.832822,4.790978693,-75.7479959,0.50399999496
2025-03-29,Andes,AV16,11141114,7.02,4.802644,-75.832822,4.7882306,-75.7256809,0.530712
2025-03-29,Andes,AV16,12261510,8.6666667,4.802644,-75.832822,4.79966,-75.6671,0.65520000252
2025-03-29,Andes,AV16,10439294,3.0,4.802644,-75.832822,4.79865,-75.6679,0.2268
2025-03-29,Andes,AV16,14255421,2.6666666,4.802644,-75.832822,4.8015517,-75.7241524,0.20159999496
2025-03-29,Andes,AV16,11338395,2.6666667,4.802644,-75.832822,4.81538,-75.6768,0.20160000252
2025-03-29,Andes,AV16,11630475,0.25,4.802644,-75.832822,5.04251,-75.4989,0.0189
2025-03-29,Andes,AV16,10826469,17.0,4.802644,-75.832822,5.0692353,-75.4901475,1.2852
2025-03-29,Andes,AV16,11615934,3.3333333,4.802644,-75.832822,5.07659,-75.4868,0.25199999748
2025-03-29,Andes,AV16,12795817,6.5833334,4.802644,-75.832822,4.78699152,-75.73200186,0.49770000504
2025-03-29,Andes,AV16,11651864,11.0,4.802644,-75.832822,4.7970407,-75.7435856,0.8316
2025-03-29,Andes,AV16,12620468,5.25,4.802644,-75.832822,4.7873483,-75.6699966,0.3969
2025-03-29,Andes,AV16,13235322,2.5,4.802644,-75.832822,5.061750249,-75.4939631,0.189
2025-03-29,Andes,AV16,12926983,0.25,4.802644,-75.832822,4.815089,-75.698419,0.0189
2025-03-29,Andes,AV16,10412135,0.25,4.802644,-75.832822,4.8054563,-75.682914,0.0189
2025-03-29,Andes,AV16,10826459,6.4166666,4.802644,-75.832822,5.06562,-75.4879,0.48509999496
2025-03-29,Andes,AV16,14260597,14.0,4.802644,-75.832822,4.805246819,-75.70359193,1.0584
2025-03-29,Andes,AV16,12244539,23.5833333,4.802644,-75.832822,4.807255029,-75.68590571,1.78289999748
2025-03-29,Andes,AV16,14119146,14.6666667,4.802644,-75.832822,4.8203708,-75.706357,1.10880000252
2025-03-29,Andes,AV16,12506303,15.9166667,4.802644,-75.832822,4.79979,-75.7349,1.20330000252
2025-03-29,Andes,AV16,13883785,11.3333333,4.802644,-75.832822,5.07269187,-75.5000635,0.85679999748
2025-03-29,Andes,AV16,12236350,4.3333333,4.802644,-75.832822,4.81266,-75.6624,0.3275999974799999
2025-03-29,Andes,AV16,14057647,0.25,4.802644,-75.832822,4.84246,-75.6683,0.0189
2025-03-29,Andes,AV16,12150478,3.9166666,4.802644,-75.832822,4.81280825,-75.678705,0.29609999496
2025-03-29,Andes,AV16,13031047,0.25,4.802644,-75.832822,4.817639357,-75.71380341,0.0189
2025-03-29,Andes,AV16,11157804,5.5,4.802644,-75.832822,4.823953,-75.7105468,0.4158
2025-03-29,Andes,AV16,11314547,879.0,4.802644,-75.832822,5.0667883,-75.501871,66.4524
2025-03-29,Andes,AV16,14122577,4.0,4.802644,-75.832822,4.813645476,-75.66560184,0.3024
2025-03-29,Andes,AV16,13194937,8.02,4.802644,-75.832822,5.0848783,-75.5123482,0.606312
2025-03-29,Andes,AV16,14117427,5.8333333,4.802644,-75.832822,4.78946992,-75.723551,0.4409999974799999
2025-03-29,Andes,AV16,12120150,7.25,4.802644,-75.832822,4.8099353,-75.712634,0.5481
2025-03-29,Andes,AV16,10825138,0.25,4.802644,-75.832822,5.04755,-75.5032,0.0189
2025-03-29,Andes,AV16,12461366,2.6666666,4.802644,-75.832822,5.04668,-75.5141,0.20159999496
2025-03-29,Andes,AV16,10824851,0.25,4.802644,-75.832822,5.0600261,-75.474315,0.0189
2025-03-29,Andes,AV16,10825768,6.9166667,4.802644,-75.832822,5.04181,-75.5216,0.52290000252
2025-03-29,Andes,AV16,11314547,915.6666667,4.802644,-75.832822,5.0667883,-75.501871,69.22440000252
2025-03-29,Andes,AV16,10969440,0.25,4.802644,-75.832822,4.79681,-75.7205,0.0189
2025-03-29,Andes,AV16,12494804,0.25,4.802644,-75.832822,4.848699488,-75.65793219,0.0189
2025-03-29,Andes,AV16,12572770,0.25,4.802644,-75.832822,5.067071,-75.51251,0.0189
2025-03-29,Andes,AV16,10455378,6.3333333,4.802644,-75.832822,4.81949,-75.6834,0.4787999974799999
2025-03-29,Andes,AV16,10467418,5.02,4.802644,-75.832822,4.8006978,-75.7200874,0.3795119999999999
2025-03-29,Andes,AV16,12764824,4.6666667,4.802644,-75.832822,4.798618358,-75.72101336,0.35280000252
2025-03-29,Andes,AV16,13722531,3.27,4.802644,-75.832822,4.7975228,-75.7428418,0.247212
2025-03-29,Andes,AV16,10413543,12.5,4.802644,-75.832822,4.79366,-75.7285,0.945
2025-03-29,Andes,AV16,11177582,21.6666667,4.802644,-75.832822,4.79256,-75.7415,1.63800000252
2025-03-29,Andes,AV16,13531678,15.8333334,4.802644,-75.832822,4.7877845,-75.7250891,1.19700000504
2025-03-29,Andes,AV16,10455830,0.25,4.802644,-75.832822,4.8564,-75.6607,0.0189
2025-03-29,Andes,AV16,13750477,34.0,4.802644,-75.832822,4.816839647,-75.67919924,2.5704
2025-03-29,Andes,AV16,13052934,3.5,4.802644,-75.832822,4.80472,-75.7331,0.2646
2025-03-29,Andes,AV16,10461683,3.8333333,4.802644,-75.832822,4.8047498,-75.6978776,0.28979999748
2025-03-29,Andes,AV16,13114861,30.0,4.802644,-75.832822,4.8142596,-75.7128358,2.268
2025-03-29,Andes,AV16,10415258,2.25,4.802644,-75.832822,4.8152678,-75.7147198,0.1701
2025-03-29,Andes,AV16,13649542,13.4166667,4.802644,-75.832822,4.744097172,-75.67693934,1.01430000252
2025-03-29,Andes,AV16,11500871,0.25,4.802644,-75.832822,5.06495,-75.5036,0.0189
2025-03-29,Andes,AV16,10825676,6.0,4.802644,-75.832822,5.0696043,-75.5182733,0.4536
2025-03-29,Andes,AV16,13386591,0.25,4.802644,-75.832822,5.046954159,-75.48272979,0.0189
2025-03-29,Andes,AV16,13819417,3.25,4.802644,-75.832822,5.068023335,-75.48630058,0.2457
2025-03-29,Andes,AV16,14152623,2.5833334,4.802644,-75.832822,4.799854126,-75.66780154,0.19530000504
2025-03-29,Andes,AV16,12506541,0.25,4.802644,-75.832822,4.800698634,-75.74324368,0.0189
2025-03-29,Andes,AV16,14053044,12.25,4.802644,-75.832822,4.8134456,-75.6601782,0.9261
2025-03-29,Andes,AV16,12424600,8.1666667,4.802644,-75.832822,4.80279,-75.7091,0.61740000252
2025-03-29,Andes,AV16,11624863,4.5,4.802644,-75.832822,4.7954526,-75.7435776,0.3402
2025-03-29,Andes,AV16,14130867,4.9166667,4.802644,-75.832822,4.815844915,-75.70533713,0.37170000252
2025-03-29,Andes,AV16,12652344,0.25,4.802644,-75.832822,4.814436,-75.697669,0.0189
2025-03-29,Andes,AV16,10829612,0.25,4.802644,-75.832822,5.049866,-75.4805173,0.0189
2025-03-29,Andes,AV16,10458987,15.3333333,4.802644,-75.832822,4.82336,-75.6955,1.15919999748
2025-03-29,Andes,AV16,12252584,0.7,4.802644,-75.832822,4.81602,-75.6993,0.0529199999999999
2025-03-29,Andes,AV16,11441716,14.5833333,4.802644,-75.832822,4.8034,-75.6996,1.10249999748
2025-03-29,Andes,AV16,12549294,13.3611111,4.802644,-75.832822,4.80133053,-75.70994426,1.0100999991600002
2025-03-29,Andes,AV16,10414110,22.9166666,4.802644,-75.832822,4.8187211,-75.7144267,1.73249999496
2025-03-29,Andes,AV16,13674761,4.75,4.802644,-75.832822,5.065611695,-75.50042445,0.3591
2025-03-29,Andes,AV16,11154518,9.6666667,4.802644,-75.832822,4.7980788,-75.6680865,0.73080000252
2025-03-29,Andes,AV16,12231483,0.25,4.802644,-75.832822,5.06795,-75.5117,0.0189
2025-03-29,Andes,AV16,11663409,0.25,4.802644,-75.832822,4.81598,-75.6978,0.0189
2025-03-29,Andes,AV16,10829405,14.25,4.802644,-75.832822,5.0847185,-75.4880249,1.0773
2025-03-29,Andes,AV16,10466450,4.0,4.802644,-75.832822,4.79377,-75.6982,0.3024
2025-03-29,Andes,AV16,10973796,0.25,4.802644,-75.832822,4.81192,-75.6887,0.0189
2025-03-29,Andes,AV16,14099810,50.0,4.802644,-75.832822,4.816580989,-75.70961718,3.78
2025-03-29,Andes,AV16,12786368,15.0,4.802644,-75.832822,5.04538,-75.5118,1.134
2025-03-29,Andes,AV16,13246974,6.15,4.802644,-75.832822,4.795813779,-75.74720805,0.46494
2025-03-29,Andes,AV16,12400954,9.0,4.802644,-75.832822,4.81022,-75.6844,0.6804
2025-03-29,Andes,AV16,14027514,3.3333334,4.802644,-75.832822,4.791035491,-75.73009517,0.25200000504
2025-03-29,Andes,AV16,13078942,11.3333333,4.802644,-75.832822,4.79793318,-75.7488705,0.85679999748
2025-03-29,Andes,AV16,10416440,0.25,4.802644,-75.832822,4.8301313,-75.7102281,0.0189
2025-03-29,Andes,AV16,13382410,144.0833333,4.802644,-75.832822,4.81216,-75.6895,10.89269999748
2025-03-29,Andes,AV16,11462015,11.9166666,4.802644,-75.832822,4.80818,-75.6739,0.90089999496
2025-03-29,Andes,AV16,11768932,0.25,4.802644,-75.832822,4.83127,-75.7574,0.0189
2025-03-29,Andes,AV16,11450300,0.25,4.802644,-75.832822,4.8690854,-75.6219462,0.0189
2025-03-29,Andes,AV16,12800848,3.25,4.802644,-75.832822,4.7909385,-75.7401177,0.2457
2025-03-29,Andes,AV16,14095121,6.9166667,4.802644,-75.832822,4.796407,-75.7465177,0.52290000252
2025-03-29,Andes,AV16,14013358,2.7833333,4.802644,-75.832822,4.801055051,-75.73271907,0.2104199974799999
2025-03-29,Andes,AV16,10465455,5.0,4.802644,-75.832822,4.82012,-75.7009,0.378
2025-03-29,Andes,AV16,10466737,3.0,4.802644,-75.832822,4.74887,-75.6666,0.2268
2025-03-29,Andes,AV16,12630294,0.25,4.802644,-75.832822,5.06687,-75.5211,0.0189
2025-03-29,Andes,AV16,10828731,8.0,4.802644,-75.832822,5.0360414,-75.5096431,0.6048
2025-03-29,Andes,AV16,11766680,8.25,4.802644,-75.832822,4.81226,-75.7013,0.6237
2025-03-29,Andes,AV16,13654172,5.02,4.802644,-75.832822,5.0349807,-75.5091719,0.3795119999999999
2025-03-29,Andes,AV16,12900901,0.25,4.802644,-75.832822,5.044048,-75.512874,0.0189
2025-03-29,Andes,AV16,10829356,3.4,4.802644,-75.832822,5.08098,-75.4891,0.25704
2025-03-29,Andes,AV16,10927476,11.8333332,4.802644,-75.832822,4.8039,-75.6982,0.89459998992
2025-03-29,Andes,AV16,12778097,0.25,4.802644,-75.832822,5.031379679,-75.4684185,0.0189
2025-03-29,Andes,AV16,10826133,0.25,4.802644,-75.832822,5.03113,-75.4608,0.0189
2025-03-29,Andes,AV16,13355368,2.25,4.802644,-75.832822,4.797694285,-75.66716056,0.1701
2025-03-29,Andes,AV16,12212201,17.0,4.802644,-75.832822,4.8305222,-75.7100271,1.2852
2025-03-29,Andes,AV16,11774721,2.4,4.802644,-75.832822,4.81334,-75.6628,0.18144
2025-03-29,Andes,AV16,14020383,600.0,4.802644,-75.832822,5.067804,-75.5209188,45.36
2025-03-29,Andes,AV16,12953189,0.25,4.802644,-75.832822,4.820481018,-75.7306291,0.0189
2025-03-29,Andes,AV16,10825468,6.5,4.802644,-75.832822,5.0443247,-75.5152081,0.4914
2025-03-29,Andes,AV16,14113034,0.25,4.802644,-75.832822,5.06500985,-75.49989757,0.0189
2025-03-29,Andes,AV16,12601186,29.1166667,4.802644,-75.832822,4.80805584,-75.6824545,2.20122000252
2025-03-29,Andes,AV16,10414089,3.0,4.802644,-75.832822,4.8185139,-75.7140902,0.2268
2025-03-29,Andes,AV16,11788050,8.3333333,4.802644,-75.832822,5.04103,-75.5170853,0.62999999748
2025-03-29,Andes,AV16,12566105,4.0833333,4.802644,-75.832822,4.818158528,-75.71751806,0.30869999748
2025-03-29,Andes,AV16,13816876,0.25,4.802644,-75.832822,5.094335084,-75.5314965,0.0189
2025-03-29,Andes,AV16,11435938,3.0,4.802644,-75.832822,4.8084778,-75.6894743,0.2268
2025-03-29,Andes,AV16,13012698,5.8333334,4.802644,-75.832822,4.79903217,-75.70522363,0.44100000504
2025-03-29,Andes,AV16,12308263,3.1166667,4.802644,-75.832822,4.79736,-75.7483,0.23562000252
2025-03-29,Andes,AV16,11757512,2.6666667,4.802644,-75.832822,4.7962262,-75.7345813,0.20160000252
2025-03-29,Andes,AV16,13886334,0.25,4.802644,-75.832822,5.0460075,-75.5007143,0.0189
2025-03-29,Andes,AV16,14171439,6.0,4.802644,-75.832822,5.03625163,-75.50953411,0.4536
2025-03-29,Andes,AV16,13111720,8.0,4.802644,-75.832822,4.802339888,-75.73590645,0.6048
2025-03-29,Andes,AV16,11320234,8.1666667,4.802644,-75.832822,4.77641,-75.7104,0.61740000252
2025-03-29,Andes,AV16,12554215,7.4166667,4.802644,-75.832822,4.80234,-75.6676,0.5607000025200001
2025-03-29,Andes,AV16,11553393,0.25,4.802644,-75.832822,4.8037704,-75.7422514,0.0189
2025-03-29,Andes,AV16,11385219,0.25,4.802644,-75.832822,4.81597,-75.6979,0.0189
2025-03-29,Andes,AV16,11157825,3.0833333,4.802644,-75.832822,4.8179124,-75.6946773,0.23309999748
2025-03-29,Andes,AV16,13501215,4.5833333,4.802644,-75.832822,5.042461524,-75.50978803,0.34649999748
2025-03-29,Andes,AV16,10421073,8.0,4.802644,-75.832822,4.774148,-75.6349339,0.6048
