0,1,2,3,4,5,6,7,8,9,10,11,12,13,14,15,16,17,18,19,20,21,22,23,24,25,26,27,28,29,30,31,32,33,34,35,36,37,38,39,40,41,42,43,44,45,46,47,48,49,50,51,52,53,54,55,56,57,58,59,60,61,62,63,64,65,66,67,68,69,70,71,72,73,74,75,76,77,78,79,80,81,82,83,84,85
0.0,34.5731,17.0165,58.4832,58.4832,58.4832,58.4832,42.606300000000005,15.9193,22.2589,95.2237,54.1737,54.1737,54.1737,54.1737,41.498400000000004,41.962,48.7668,40.396699999999996,38.2405,33.6218,44.700199999999995,44.700199999999995,7.9322,58.4832,47.1593,254.7454,254.7454,37.378099999999996,49.7119,77.93260000000001,48.9676,433.21320000000003,433.21320000000003,34.311099999999996,22.378400000000003,40.7136,46.482699999999994,41.4867,34.6372,33.7954,41.498400000000004,37.1588,47.1578,17.1541,58.4832,46.811099999999996,33.023300000000006,49.54,49.54,49.54,49.54,48.7668,48.7668,29.3385,36.8071,46.7172,46.7172,35.158699999999996,46.447199999999995,32.3205,162.2483,162.2483,58.4832,23.142,42.6966,34.9865,34.9952,44.8895,233.4144,233.4144,233.4144,58.4832,32.6577,35.3416,32.6272,45.501400000000004,58.4832,45.6397,44.700199999999995,40.048,49.6424,529.4909,529.4909,22.1434,77.93260000000001
32.0128,0.0,25.7637,24.3093,24.3093,24.3093,24.3093,8.2591,25.449,21.223200000000002,125.53269999999999,19.136400000000002,19.136400000000002,19.136400000000002,19.136400000000002,6.4611,6.924600000000001,17.0379,10.7663,5.5113,2.5019,14.1912,14.1912,31.7918,24.3093,15.430399999999999,232.6605,232.6605,6.1232,14.6746,108.2416,17.238799999999998,403.19109999999995,403.19109999999995,6.7222,21.3427,9.929200000000002,12.135399999999999,11.0185,1.2598,29.0155,6.4611,4.9287,12.1205,25.9013,24.3093,15.0823,3.9293,17.8111,17.8111,17.8111,17.8111,17.0379,17.0379,6.086,5.4186000000000005,12.37,12.37,4.3341,15.701,7.277699999999999,132.2262,132.2262,24.3093,22.1063,8.3494,3.3436,5.9012,10.5423,203.3922,203.3922,203.3922,24.3093,3.6517,6.0743,32.0079,11.154200000000001,24.3093,11.2925,14.1912,9.8149,17.9135,507.406,507.406,21.1077,108.2416
14.046899999999999,24.595200000000002,0.0,48.505300000000005,48.505300000000005,48.505300000000005,48.505300000000005,32.6284,1.5092999999999999,8.2871,114.9221,44.195800000000006,44.195800000000006,44.195800000000006,44.195800000000006,31.5205,31.984099999999998,38.7889,30.4188,28.2626,23.644,34.722300000000004,34.722300000000004,13.825899999999999,48.505300000000005,37.181400000000004,240.77360000000002,240.77360000000002,27.4002,39.734,97.631,38.9897,423.2353,423.2353,24.3332,8.4065,30.735799999999998,36.5048,31.5088,24.659299999999998,39.826800000000006,31.5205,27.1809,37.1799,1.5740999999999998,48.505300000000005,36.8332,23.0454,39.5621,39.5621,39.5621,39.5621,38.7889,38.7889,19.360599999999998,26.8292,36.7394,36.7394,25.180799999999998,36.469300000000004,22.342599999999997,152.2705,152.2705,48.505300000000005,9.170200000000001,32.7188,25.008599999999998,25.0173,34.9116,223.4365,223.4365,223.4365,48.505300000000005,22.6798,25.3637,16.5601,35.5235,48.505300000000005,35.6618,34.722300000000004,30.0701,39.6645,515.5191,515.5191,8.1715,97.631
55.2889,25.1319,49.0398,0.0,0.0,0.0,0.0,18.402099999999997,48.7251,44.499300000000005,148.8088,6.1816,6.1816,6.1816,6.1816,18.441200000000002,18.817700000000002,12.2575,21.7903,21.263,26.0902,15.7827,15.7827,55.0679,0.0,12.6904,211.7812,211.7812,28.1978,10.8621,131.51770000000002,12.455200000000001,384.28540000000004,384.28540000000004,30.080599999999997,44.6188,22.9187,15.7578,22.0425,24.830599999999997,38.841699999999996,18.441200000000002,27.0033,13.9616,49.1773,0.0,13.499799999999999,26.7197,12.8074,12.8074,12.8074,12.8074,12.2575,12.2575,30.6095,26.241400000000002,25.6408,25.6408,25.1693,16.6308,30.5538,113.3205,113.3205,0.0,45.382400000000004,18.5267,24.9492,29.655099999999997,15.837299999999999,184.4866,184.4866,184.4866,0.0,28.2215,29.5164,45.2787,24.425,0.0,24.563200000000002,15.7827,24.0635,12.909799999999999,486.5267,486.5267,44.3838,131.51770000000002
55.2889,25.1319,49.0398,0.0,0.0,0.0,0.0,18.402099999999997,48.7251,44.499300000000005,148.8088,6.1816,6.1816,6.1816,6.1816,18.441200000000002,18.817700000000002,12.2575,21.7903,21.263,26.0902,15.7827,15.7827,55.0679,0.0,12.6904,211.7812,211.7812,28.1978,10.8621,131.51770000000002,12.455200000000001,384.28540000000004,384.28540000000004,30.080599999999997,44.6188,22.9187,15.7578,22.0425,24.830599999999997,38.841699999999996,18.441200000000002,27.0033,13.9616,49.1773,0.0,13.499799999999999,26.7197,12.8074,12.8074,12.8074,12.8074,12.2575,12.2575,30.6095,26.241400000000002,25.6408,25.6408,25.1693,16.6308,30.5538,113.3205,113.3205,0.0,45.382400000000004,18.5267,24.9492,29.655099999999997,15.837299999999999,184.4866,184.4866,184.4866,0.0,28.2215,29.5164,45.2787,24.425,0.0,24.563200000000002,15.7827,24.0635,12.909799999999999,486.5267,486.5267,44.3838,131.51770000000002
55.2889,25.1319,49.0398,0.0,0.0,0.0,0.0,18.402099999999997,48.7251,44.499300000000005,148.8088,6.1816,6.1816,6.1816,6.1816,18.441200000000002,18.817700000000002,12.2575,21.7903,21.263,26.0902,15.7827,15.7827,55.0679,0.0,12.6904,211.7812,211.7812,28.1978,10.8621,131.51770000000002,12.455200000000001,384.28540000000004,384.28540000000004,30.080599999999997,44.6188,22.9187,15.7578,22.0425,24.830599999999997,38.841699999999996,18.441200000000002,27.0033,13.9616,49.1773,0.0,13.499799999999999,26.7197,12.8074,12.8074,12.8074,12.8074,12.2575,12.2575,30.6095,26.241400000000002,25.6408,25.6408,25.1693,16.6308,30.5538,113.3205,113.3205,0.0,45.382400000000004,18.5267,24.9492,29.655099999999997,15.837299999999999,184.4866,184.4866,184.4866,0.0,28.2215,29.5164,45.2787,24.425,0.0,24.563200000000002,15.7827,24.0635,12.909799999999999,486.5267,486.5267,44.3838,131.51770000000002
55.2889,25.1319,49.0398,0.0,0.0,0.0,0.0,18.402099999999997,48.7251,44.499300000000005,148.8088,6.1816,6.1816,6.1816,6.1816,18.441200000000002,18.817700000000002,12.2575,21.7903,21.263,26.0902,15.7827,15.7827,55.0679,0.0,12.6904,211.7812,211.7812,28.1978,10.8621,131.51770000000002,12.455200000000001,384.28540000000004,384.28540000000004,30.080599999999997,44.6188,22.9187,15.7578,22.0425,24.830599999999997,38.841699999999996,18.441200000000002,27.0033,13.9616,49.1773,0.0,13.499799999999999,26.7197,12.8074,12.8074,12.8074,12.8074,12.2575,12.2575,30.6095,26.241400000000002,25.6408,25.6408,25.1693,16.6308,30.5538,113.3205,113.3205,0.0,45.382400000000004,18.5267,24.9492,29.655099999999997,15.837299999999999,184.4866,184.4866,184.4866,0.0,28.2215,29.5164,45.2787,24.425,0.0,24.563200000000002,15.7827,24.0635,12.909799999999999,486.5267,486.5267,44.3838,131.51770000000002
39.246199999999995,7.1613999999999995,32.997099999999996,17.6662,17.6662,17.6662,17.6662,0.0,32.6825,28.4567,132.7661,12.4932,12.4932,12.4932,12.4932,3.4541999999999997,3.8306999999999998,12.1124,6.5065,3.8217,8.1196,9.505700000000001,9.505700000000001,39.0253,17.6662,9.287,227.96079999999998,227.96079999999998,10.2273,8.0315,115.475,12.3132,396.5479,396.5479,14.1186,28.5761,7.6349,6.3862,6.7587,6.8601,23.558,3.4541999999999997,9.0328,5.4773000000000005,33.134699999999995,17.6662,8.855799999999999,10.677,12.386299999999999,12.386299999999999,12.386299999999999,12.386299999999999,12.1124,12.1124,14.5669,10.447899999999999,7.6703,7.6703,9.1266,11.5486,14.5111,125.583,125.583,17.6662,29.3398,0.6871,6.9786,13.239700000000001,4.388199999999999,196.7491,196.7491,196.7491,17.6662,10.251,13.473799999999999,27.3082,6.4544,17.6662,6.5927,9.505700000000001,8.7797,12.488700000000001,502.7062,502.7062,28.341099999999997,115.475
12.8148,24.122,1.315,48.032,48.032,48.032,48.032,32.1551,0.0,7.8138000000000005,113.69,43.7225,43.7225,43.7225,43.7225,31.0473,31.5108,38.315599999999996,29.9456,27.7894,23.1707,34.249,34.249,12.5938,48.032,36.7081,240.3003,240.3003,26.9269,39.2608,96.3989,38.5165,422.7621,422.7621,23.859900000000003,7.9333,30.2625,36.0315,31.0355,24.1861,38.594699999999996,31.0473,26.7076,36.7066,0.7721,48.032,36.36,22.5721,39.088800000000006,39.088800000000006,39.088800000000006,39.088800000000006,38.315599999999996,38.315599999999996,18.887400000000003,26.356,36.2661,36.2661,24.7075,35.9961,21.869400000000002,151.7972,151.7972,48.032,8.6969,32.2455,24.5353,24.544,34.438300000000005,222.9632,222.9632,222.9632,48.032,22.206599999999998,24.890400000000003,16.2452,35.0503,48.032,35.1885,34.249,29.596799999999998,39.191199999999995,515.0458,515.0458,7.698300000000001,96.3989
20.1554,20.3218,8.0281,44.2319,44.2319,44.2319,44.2319,28.355,8.5007,0.0,122.4916,39.9224,39.9224,39.9224,39.9224,27.2471,27.7107,34.5155,26.145400000000002,23.9892,19.3705,30.448900000000002,30.448900000000002,19.9345,44.2319,32.908,232.4865,232.4865,16.2792,35.4606,105.20039999999999,34.716300000000004,418.9619,418.9619,20.0597,0.1195,26.4623,32.2314,27.235400000000002,20.385900000000003,45.935300000000005,27.2471,22.9075,32.9065,8.9529,44.2319,32.5598,18.772,35.2887,35.2887,35.2887,35.2887,34.5155,34.5155,15.087200000000001,22.555799999999998,22.0087,22.0087,20.907400000000003,32.1959,18.069200000000002,147.997,147.997,44.2319,0.8831,28.4453,20.7352,20.7439,30.6382,219.16310000000001,219.16310000000001,219.16310000000001,44.2319,18.4064,21.0903,16.3465,31.2501,44.2319,22.3733,30.448900000000002,25.7967,35.3911,507.232,507.232,0.1586,105.20039999999999
96.2553,123.9575,106.4009,147.8676,147.8676,147.8676,147.8676,131.9907,105.30369999999999,111.6433,0.0,143.5581,143.5581,143.5581,143.5581,130.8828,131.3464,138.15120000000002,129.7811,127.6249,123.0063,134.0846,134.0846,97.31660000000001,147.8676,136.5437,344.1298,344.1298,126.7625,139.09629999999999,46.785199999999996,138.352,475.93420000000003,475.93420000000003,123.6955,111.7628,130.09810000000002,135.8671,130.8711,124.0217,123.1798,130.8828,126.5432,136.5422,106.5385,147.8676,136.1955,122.40769999999999,138.9244,138.9244,138.9244,138.9244,138.15120000000002,138.15120000000002,118.7229,126.1915,136.10170000000002,136.10170000000002,124.54310000000001,135.8316,121.7049,193.17860000000002,193.17860000000002,147.8676,112.5264,132.0811,124.37089999999999,124.37960000000001,134.2739,276.1354,276.1354,276.1354,147.8676,122.0421,124.726,122.01169999999999,134.8858,147.8676,135.0241,134.0846,129.4324,139.02679999999998,618.8753,618.8753,111.5278,46.785199999999996
50.341300000000004,20.1844,44.0922,5.510800000000001,5.510800000000001,5.510800000000001,5.510800000000001,13.454600000000001,43.7776,39.5518,143.86120000000003,0.0,0.0,0.0,0.0,13.4936,13.8701,10.481,16.8428,16.3155,21.142599999999998,12.0023,12.0023,50.1203,5.510800000000001,7.346,217.196,217.196,23.2502,5.9145,126.57010000000001,10.681799999999999,385.9507,385.9507,25.1331,39.6712,17.9712,10.8102,17.095,19.8831,33.8942,13.4936,22.055799999999998,9.014,44.229800000000004,5.510800000000001,10.0284,21.7721,10.7549,10.7549,10.7549,10.7549,10.481,10.481,25.662,21.2939,20.6932,20.6932,20.221700000000002,11.286299999999999,25.6062,114.9859,114.9859,5.510800000000001,40.4349,13.5792,20.0016,24.7075,11.3363,186.15189999999998,186.15189999999998,186.15189999999998,5.510800000000001,23.2739,24.568900000000003,40.3311,19.477400000000003,5.510800000000001,19.6157,12.0023,19.116,10.857299999999999,491.9415,491.9415,39.4362,126.57010000000001
50.341300000000004,20.1844,44.0922,5.510800000000001,5.510800000000001,5.510800000000001,5.510800000000001,13.454600000000001,43.7776,39.5518,143.86120000000003,0.0,0.0,0.0,0.0,13.4936,13.8701,10.481,16.8428,16.3155,21.142599999999998,12.0023,12.0023,50.1203,5.510800000000001,7.346,217.196,217.196,23.2502,5.9145,126.57010000000001,10.681799999999999,385.9507,385.9507,25.1331,39.6712,17.9712,10.8102,17.095,19.8831,33.8942,13.4936,22.055799999999998,9.014,44.229800000000004,5.510800000000001,10.0284,21.7721,10.7549,10.7549,10.7549,10.7549,10.481,10.481,25.662,21.2939,20.6932,20.6932,20.221700000000002,11.286299999999999,25.6062,114.9859,114.9859,5.510800000000001,40.4349,13.5792,20.0016,24.7075,11.3363,186.15189999999998,186.15189999999998,186.15189999999998,5.510800000000001,23.2739,24.568900000000003,40.3311,19.477400000000003,5.510800000000001,19.6157,12.0023,19.116,10.857299999999999,491.9415,491.9415,39.4362,126.57010000000001
50.341300000000004,20.1844,44.0922,5.510800000000001,5.510800000000001,5.510800000000001,5.510800000000001,13.454600000000001,43.7776,39.5518,143.86120000000003,0.0,0.0,0.0,0.0,13.4936,13.8701,10.481,16.8428,16.3155,21.142599999999998,12.0023,12.0023,50.1203,5.510800000000001,7.346,217.196,217.196,23.2502,5.9145,126.57010000000001,10.681799999999999,385.9507,385.9507,25.1331,39.6712,17.9712,10.8102,17.095,19.8831,33.8942,13.4936,22.055799999999998,9.014,44.229800000000004,5.510800000000001,10.0284,21.7721,10.7549,10.7549,10.7549,10.7549,10.481,10.481,25.662,21.2939,20.6932,20.6932,20.221700000000002,11.286299999999999,25.6062,114.9859,114.9859,5.510800000000001,40.4349,13.5792,20.0016,24.7075,11.3363,186.15189999999998,186.15189999999998,186.15189999999998,5.510800000000001,23.2739,24.568900000000003,40.3311,19.477400000000003,5.510800000000001,19.6157,12.0023,19.116,10.857299999999999,491.9415,491.9415,39.4362,126.57010000000001
50.341300000000004,20.1844,44.0922,5.510800000000001,5.510800000000001,5.510800000000001,5.510800000000001,13.454600000000001,43.7776,39.5518,143.86120000000003,0.0,0.0,0.0,0.0,13.4936,13.8701,10.481,16.8428,16.3155,21.142599999999998,12.0023,12.0023,50.1203,5.510800000000001,7.346,217.196,217.196,23.2502,5.9145,126.57010000000001,10.681799999999999,385.9507,385.9507,25.1331,39.6712,17.9712,10.8102,17.095,19.8831,33.8942,13.4936,22.055799999999998,9.014,44.229800000000004,5.510800000000001,10.0284,21.7721,10.7549,10.7549,10.7549,10.7549,10.481,10.481,25.662,21.2939,20.6932,20.6932,20.221700000000002,11.286299999999999,25.6062,114.9859,114.9859,5.510800000000001,40.4349,13.5792,20.0016,24.7075,11.3363,186.15189999999998,186.15189999999998,186.15189999999998,5.510800000000001,23.2739,24.568900000000003,40.3311,19.477400000000003,5.510800000000001,19.6157,12.0023,19.116,10.857299999999999,491.9415,491.9415,39.4362,126.57010000000001
37.1873,8.6415,30.938200000000002,19.0504,19.0504,19.0504,19.0504,3.6936999999999998,30.6235,26.3977,130.7072,13.8774,13.8774,13.8774,13.8774,0.0,1.6657,12.424,5.023899999999999,3.102,8.2211,9.577200000000001,9.577200000000001,36.966300000000004,19.0504,10.8164,229.4408,229.4408,11.7073,9.415700000000001,113.4161,12.624799999999999,397.9321,397.9321,10.8731,26.5172,5.1049,9.2239,6.113899999999999,5.931100000000001,22.075400000000002,0.0,10.5129,6.8615,31.0758,19.0504,10.4683,8.6181,13.1972,13.1972,13.1972,13.1972,12.424,12.424,12.5079,8.139800000000001,9.1503,9.1503,7.067699999999999,11.087,12.452200000000001,126.96719999999999,126.96719999999999,19.0504,27.2808,3.8183000000000002,6.6709,10.4475,8.7247,198.1333,198.1333,198.1333,19.0504,12.9011,11.4149,28.7882,7.9345,19.0504,8.0728,9.577200000000001,4.856,13.2996,504.18629999999996,504.18629999999996,26.2822,113.4161
38.6691,8.5122,32.42,17.384700000000002,17.384700000000002,17.384700000000002,17.384700000000002,2.028,32.1054,27.8796,132.189,12.2117,12.2117,12.2117,12.2117,1.8214000000000001,0.0,11.8309,4.8736999999999995,4.6432,9.4704,7.8729,7.8729,38.4481,17.384700000000002,9.0055,229.3115,229.3115,11.578,7.75,114.89789999999999,12.0317,396.26640000000003,396.26640000000003,13.164,27.999,6.0021,7.5582,5.1259,8.210899999999999,21.925099999999997,1.8214000000000001,10.3836,5.1958,32.5576,17.384700000000002,9.2687,10.0999,12.1048,12.1048,12.1048,12.1048,11.8309,11.8309,13.989799999999999,9.6216,9.021,9.021,8.5495,9.915799999999999,13.934,125.3015,125.3015,17.384700000000002,28.762700000000002,2.1526,8.3294,12.7385,5.506399999999999,196.4676,196.4676,196.4676,17.384700000000002,11.601700000000001,13.1519,28.658900000000003,7.8052,17.384700000000002,7.9435,7.8729,7.1469,12.2072,504.057,504.057,27.764,114.89789999999999
45.4967,18.136,39.2476,12.929200000000002,12.929200000000002,12.929200000000002,12.929200000000002,11.7631,38.933,34.7072,139.01670000000001,12.1502,12.1502,12.1502,12.1502,14.5996,11.8218,0.0,10.3216,13.2941,16.5306,5.6115,5.6115,45.275800000000004,12.929200000000002,3.7659000000000002,223.0352,223.0352,21.201900000000002,8.3825,121.7255,0.2008,385.17379999999997,385.17379999999997,18.8952,34.826699999999995,11.283,11.8834,9.1998,17.8347,26.9979,14.5996,20.0074,9.940700000000001,39.3852,12.929200000000002,2.9798,16.9275,0.5075,0.5075,0.5075,0.5075,0.0,0.0,20.817400000000003,16.726,18.6449,18.6449,15.3772,3.9052,20.7617,114.209,114.209,12.929200000000002,35.590300000000006,11.8877,14.9803,18.4696,13.9276,185.375,185.375,185.375,12.929200000000002,21.2105,18.883,38.2828,17.4291,12.929200000000002,17.5673,5.6115,12.8781,0.6099,497.7807,497.7807,34.591699999999996,121.7255
37.6981,10.860299999999999,31.449,21.393099999999997,21.393099999999997,21.393099999999997,21.393099999999997,5.672,31.1343,26.9085,131.218,17.7047,17.7047,17.7047,17.7047,4.3756,4.5461,11.6767,0.0,5.7442,8.7319,4.6792,4.6792,37.4771,21.393099999999997,10.0691,231.65970000000002,231.65970000000002,12.437,13.937,113.92689999999999,11.8775,396.12309999999997,396.12309999999997,11.6607,27.028,2.4386,11.4788,1.3911,8.5733,18.004900000000003,4.3756,11.2425,10.5018,31.586599999999997,21.393099999999997,9.721,9.1289,8.8451,8.8451,8.8451,8.8451,11.6767,11.6767,13.0187,8.5539,11.369200000000001,11.369200000000001,7.5785,6.4263,12.963,125.1582,125.1582,21.393099999999997,27.7916,5.796600000000001,7.1816,11.235100000000001,10.9435,196.3243,196.3243,196.3243,21.393099999999997,13.4119,11.6485,31.007099999999998,10.1533,21.393099999999997,10.2916,4.6792,5.6435,8.9475,506.40520000000004,506.40520000000004,26.793,113.92689999999999
35.3828,3.9693,29.1337,20.616,20.616,20.616,20.616,5.2592,28.8191,24.5933,128.9027,15.443,15.443,15.443,15.443,2.7676999999999996,3.2313,13.3445,7.0729,0.0,4.371899999999999,10.4978,10.4978,35.1618,20.616,11.737,230.9733,230.9733,6.6928,10.981200000000001,111.61160000000001,13.545399999999999,399.4977,399.4977,10.2551,24.7127,6.2358,11.7725,7.3251,2.8291,32.3855,2.7676999999999996,5.4983,8.427100000000001,29.2713,20.616,11.3889,6.8136,14.117700000000001,14.117700000000001,14.117700000000001,14.117700000000001,13.3445,13.3445,10.7035,6.5845,10.6827,10.6827,5.263199999999999,12.0076,10.6477,128.5328,128.5328,20.616,25.4764,5.3838,3.0673000000000004,9.376299999999999,9.0194,199.69879999999998,199.69879999999998,199.69879999999998,20.616,7.0588999999999995,9.6104,30.320700000000002,9.466899999999999,20.616,9.6052,10.4978,5.986800000000001,14.2202,505.7187,505.7187,24.477700000000002,111.61160000000001
32.7477,2.1064000000000003,26.4986,24.4405,24.4405,24.4405,24.4405,8.3902,26.184,21.9582,126.2676,19.2675,19.2675,19.2675,19.2675,6.5922,7.0558000000000005,16.0769,7.7068,5.5506,0.0,12.010299999999999,12.010299999999999,32.5268,24.4405,14.469299999999999,232.79170000000002,232.79170000000002,6.2543,14.8057,108.9765,16.2777,400.5233,400.5233,7.9767,22.077599999999997,8.0237,12.2666,8.7968,1.391,29.750400000000003,6.5922,5.0598,12.2516,26.636200000000002,24.4405,14.1212,4.1785,16.850099999999998,16.850099999999998,16.850099999999998,16.850099999999998,16.0769,16.0769,8.0684,3.5533,12.501100000000001,12.501100000000001,2.4688000000000003,13.757299999999999,8.0126,129.5584,129.5584,24.4405,22.8413,8.4805,2.2965999999999998,6.7412,10.673399999999999,200.7245,200.7245,200.7245,24.4405,5.7174,6.9753,32.139,11.2853,24.4405,11.4236,12.010299999999999,8.0809,16.9525,507.53709999999995,507.53709999999995,21.842599999999997,108.9765
41.6481,13.867299999999998,35.399,16.0577,16.0577,16.0577,16.0577,7.4944,35.0844,30.8586,135.168,12.369299999999999,12.369299999999999,12.369299999999999,12.369299999999999,7.3826,7.553100000000001,6.3413,6.052899999999999,9.0255,12.681899999999999,0.0,0.0,41.4272,16.0577,4.7338000000000005,226.1637,226.1637,16.9332,8.601600000000001,117.87689999999999,6.5421000000000005,390.78770000000003,390.78770000000003,13.822899999999999,30.978,7.1813,9.3597,3.2611,13.5661,20.6599,7.3826,15.7388,6.9973,35.5366,16.0577,4.3856,13.078899999999999,5.3801000000000005,5.3801000000000005,5.3801000000000005,5.3801000000000005,6.3413,6.3413,16.968799999999998,11.209,14.3762,14.3762,11.5285,3.9486999999999997,16.913,119.8228,119.8228,16.0577,31.7417,7.619,11.1317,13.3973,13.9505,190.9889,190.9889,190.9889,16.0577,17.361900000000002,13.8107,34.0141,13.1604,16.0577,13.2987,0.0,9.2941,5.4825,500.9092,500.9092,30.743,117.87689999999999
41.6481,13.867299999999998,35.399,16.0577,16.0577,16.0577,16.0577,7.4944,35.0844,30.8586,135.168,12.369299999999999,12.369299999999999,12.369299999999999,12.369299999999999,7.3826,7.553100000000001,6.3413,6.052899999999999,9.0255,12.681899999999999,0.0,0.0,41.4272,16.0577,4.7338000000000005,226.1637,226.1637,16.9332,8.601600000000001,117.87689999999999,6.5421000000000005,390.78770000000003,390.78770000000003,13.822899999999999,30.978,7.1813,9.3597,3.2611,13.5661,20.6599,7.3826,15.7388,6.9973,35.5366,16.0577,4.3856,13.078899999999999,5.3801000000000005,5.3801000000000005,5.3801000000000005,5.3801000000000005,6.3413,6.3413,16.968799999999998,11.209,14.3762,14.3762,11.5285,3.9486999999999997,16.913,119.8228,119.8228,16.0577,31.7417,7.619,11.1317,13.3973,13.9505,190.9889,190.9889,190.9889,16.0577,17.361900000000002,13.8107,34.0141,13.1604,16.0577,13.2987,0.0,9.2941,5.4825,500.9092,500.9092,30.743,117.87689999999999
3.6134,32.4043,14.847700000000001,56.3144,56.3144,56.3144,56.3144,40.4375,13.7505,20.0901,97.1333,52.0049,52.0049,52.0049,52.0049,39.3296,39.793099999999995,46.598,38.2279,36.0717,31.453,42.531400000000005,42.531400000000005,0.0,56.3144,44.9904,252.5766,252.5766,35.209300000000006,47.543099999999995,79.84219999999999,46.7988,431.0444,431.0444,32.1422,20.2095,38.5448,44.3138,39.3179,32.4684,28.812099999999997,39.3296,34.99,44.989,14.985299999999999,56.3144,44.642300000000006,30.8545,47.371199999999995,47.371199999999995,47.371199999999995,47.371199999999995,46.598,46.598,27.169700000000002,34.6383,44.5484,44.5484,32.9898,44.278400000000005,30.1517,160.0795,160.0795,56.3144,20.973200000000002,40.527800000000006,32.817699999999995,32.8264,42.720699999999994,231.2456,231.2456,231.2456,56.3144,30.4889,33.1727,30.4584,43.3326,56.3144,43.4709,42.531400000000005,37.8791,47.4736,527.3221,527.3221,19.9745,79.84219999999999
55.2889,25.1319,49.0398,0.0,0.0,0.0,0.0,18.402099999999997,48.7251,44.499300000000005,148.8088,6.1816,6.1816,6.1816,6.1816,18.441200000000002,18.817700000000002,12.2575,21.7903,21.263,26.0902,15.7827,15.7827,55.0679,0.0,12.6904,211.7812,211.7812,28.1978,10.8621,131.51770000000002,12.455200000000001,384.28540000000004,384.28540000000004,30.080599999999997,44.6188,22.9187,15.7578,22.0425,24.830599999999997,38.841699999999996,18.441200000000002,27.0033,13.9616,49.1773,0.0,13.499799999999999,26.7197,12.8074,12.8074,12.8074,12.8074,12.2575,12.2575,30.6095,26.241400000000002,25.6408,25.6408,25.1693,16.6308,30.5538,113.3205,113.3205,0.0,45.382400000000004,18.5267,24.9492,29.655099999999997,15.837299999999999,184.4866,184.4866,184.4866,0.0,28.2215,29.5164,45.2787,24.425,0.0,24.563200000000002,15.7827,24.0635,12.909799999999999,486.5267,486.5267,44.3838,131.51770000000002
44.842400000000005,17.115599999999997,38.593300000000006,14.239700000000001,14.239700000000001,14.239700000000001,14.239700000000001,10.3858,38.2787,34.0529,138.3624,7.9754,7.9754,7.9754,7.9754,10.4248,10.8013,3.9821999999999997,10.2135,13.2466,15.876299999999999,5.5035,5.5035,44.6215,14.239700000000001,0.0,224.3458,224.3458,20.1814,4.2077,121.07119999999999,4.183,388.9697,388.9697,18.2409,34.1724,10.6287,7.708600000000001,9.0918,16.8143,26.8899,10.4248,18.987,5.766,38.7309,14.239700000000001,3.5296,16.2732,4.2561,4.2561,4.2561,4.2561,3.9821999999999997,3.9821999999999997,20.1631,16.0717,17.6244,17.6244,14.7229,4.7875,20.107400000000002,118.00489999999999,118.00489999999999,14.239700000000001,34.936,10.510399999999999,14.326,17.8153,10.941799999999999,189.1709,189.1709,189.1709,14.239700000000001,20.5562,18.2287,37.2623,16.4086,14.239700000000001,16.5469,5.5035,12.223799999999999,4.3585,499.0912,499.0912,33.937400000000004,121.07119999999999
252.6034,222.44639999999998,240.4302,199.6103,199.6103,199.6103,199.6103,215.7166,240.90279999999998,232.82129999999998,346.1233,204.492,204.492,204.492,204.492,215.75570000000002,216.1322,209.572,219.10479999999998,218.5775,223.40470000000002,213.09720000000002,213.09720000000002,252.3824,199.6103,210.0049,0.0,0.0,225.51229999999998,208.1766,328.8322,209.7697,581.5999,581.5999,227.39520000000002,232.77870000000001,220.2332,213.07229999999998,219.357,222.1451,236.1563,215.75570000000002,224.31779999999998,211.2761,241.355,199.6103,210.81429999999997,224.0342,210.12189999999998,210.12189999999998,210.12189999999998,210.12189999999998,209.572,209.572,227.924,223.5559,220.3245,220.3245,222.4838,213.94529999999997,227.86829999999998,310.635,310.635,199.6103,232.1107,215.84120000000001,222.2637,226.9696,223.8609,381.80109999999996,381.80109999999996,381.80109999999996,199.6103,225.536,226.831,230.3243,222.4176,199.6103,220.6891,213.09720000000002,221.378,210.2243,275.1802,275.1802,232.70579999999998,328.8322
252.6034,222.44639999999998,240.4302,199.6103,199.6103,199.6103,199.6103,215.7166,240.90279999999998,232.82129999999998,346.1233,204.492,204.492,204.492,204.492,215.75570000000002,216.1322,209.572,219.10479999999998,218.5775,223.40470000000002,213.09720000000002,213.09720000000002,252.3824,199.6103,210.0049,0.0,0.0,225.51229999999998,208.1766,328.8322,209.7697,581.5999,581.5999,227.39520000000002,232.77870000000001,220.2332,213.07229999999998,219.357,222.1451,236.1563,215.75570000000002,224.31779999999998,211.2761,241.355,199.6103,210.81429999999997,224.0342,210.12189999999998,210.12189999999998,210.12189999999998,210.12189999999998,209.572,209.572,227.924,223.5559,220.3245,220.3245,222.4838,213.94529999999997,227.86829999999998,310.635,310.635,199.6103,232.1107,215.84120000000001,222.2637,226.9696,223.8609,381.80109999999996,381.80109999999996,381.80109999999996,199.6103,225.536,226.831,230.3243,222.4176,199.6103,220.6891,213.09720000000002,221.378,210.2243,275.1802,275.1802,232.70579999999998,328.8322
35.6158,7.2261999999999995,24.1557,23.7946,23.7946,23.7946,23.7946,10.0749,24.6283,16.546799999999998,129.13569999999999,18.040200000000002,18.040200000000002,18.040200000000002,18.040200000000002,11.5284,11.9049,21.0113,14.5807,10.5994,8.1844,17.579900000000002,17.579900000000002,35.3949,23.7946,18.1858,226.7681,226.7681,0.0,18.1726,111.8446,21.2121,406.689,406.689,17.6325,16.5042,15.709100000000001,12.2697,14.8329,6.9249,31.632099999999998,11.5284,2.4057,15.6184,25.0805,23.7946,18.9757,14.191,21.2851,21.2851,21.2851,21.2851,21.0113,21.0113,9.023,13.9619,6.5738,6.5738,12.640600000000001,19.622799999999998,10.880799999999999,135.7241,135.7241,23.7946,15.836200000000002,10.1652,8.3275,16.753700000000002,9.5166,206.89020000000002,206.89020000000002,206.89020000000002,23.7946,6.0408,16.9878,26.1154,9.9641,23.7946,6.9384,17.579900000000002,14.903,21.3876,501.5135,501.5135,16.4313,111.8446
46.883900000000004,16.727,40.634800000000006,10.2083,10.2083,10.2083,10.2083,9.997200000000001,40.3202,36.0944,140.4038,4.4665,4.4665,4.4665,4.4665,10.036200000000001,10.412700000000001,7.0236,13.385299999999999,12.858,17.685200000000002,8.5449,8.5449,46.6629,10.2083,3.8886,220.31429999999997,220.31429999999997,19.7928,0.0,123.1127,7.224399999999999,389.09,389.09,21.6757,36.213800000000006,14.5137,7.3528,13.6376,16.4257,30.436799999999998,10.036200000000001,18.5984,5.5566,40.772400000000005,10.2083,6.571,18.314700000000002,7.2975,7.2975,7.2975,7.2975,7.0236,7.0236,22.2046,17.8365,17.235799999999998,17.235799999999998,16.7643,7.8289,22.148799999999998,118.1251,118.1251,10.2083,36.9775,10.121799999999999,16.5442,21.2501,11.2945,189.2911,189.2911,189.2911,10.2083,19.8165,21.1115,36.8737,16.02,10.2083,16.1583,8.5449,15.6586,7.3999,495.0598,495.0598,35.9788,123.1127
82.2134,109.9157,92.35910000000001,133.8257,133.8257,133.8257,133.8257,117.9488,91.2619,97.6014,46.785199999999996,129.5162,129.5162,129.5162,129.5162,116.841,117.3045,124.1093,115.7392,113.583,108.9644,120.0427,120.0427,83.2747,133.8257,122.5018,330.08790000000005,330.08790000000005,112.7206,125.0544,0.0,124.3102,508.5558,508.5558,109.65360000000001,97.7209,116.0562,121.8252,116.8292,109.9798,109.13789999999999,116.841,112.5013,122.50030000000001,92.4966,133.8257,122.1537,108.36580000000001,124.8825,124.8825,124.8825,124.8825,124.1093,124.1093,104.6811,112.1497,122.05980000000001,122.05980000000001,110.5012,121.7898,107.6631,215.8021,215.8021,133.8257,98.4845,118.0392,110.329,110.3377,120.232,308.75690000000003,308.75690000000003,308.75690000000003,133.8257,108.00030000000001,110.6841,107.9698,120.84389999999999,133.8257,120.98219999999999,120.0427,115.3905,124.9849,604.8334,604.8334,97.4859,0.0
45.2959,17.935200000000002,39.046800000000005,13.112,13.112,13.112,13.112,11.5622,38.7322,34.5064,138.8158,10.3071,10.3071,10.3071,10.3071,11.4504,11.621,1.6670999999999998,10.120700000000001,13.0933,16.3297,5.410699999999999,5.410699999999999,45.075,13.112,3.565,223.2181,223.2181,21.001099999999997,6.5394,121.5247,0.0,385.3567,385.3567,18.6944,34.625800000000005,11.0821,10.040299999999998,8.999,17.6339,26.797099999999997,11.4504,19.8066,8.0976,39.184400000000004,13.112,2.779,16.7267,0.3067,0.3067,0.3067,0.3067,1.6670999999999998,1.6670999999999998,20.6166,16.5252,18.4441,18.4441,15.1763,4.088,20.5608,114.3918,114.3918,13.112,35.3895,11.6868,14.7795,18.2688,13.726799999999999,185.5579,185.5579,185.5579,13.112,21.009700000000002,18.6822,38.082,17.2282,13.112,17.3665,5.410699999999999,12.677200000000001,0.4091,497.9636,497.9636,34.390800000000006,121.5247
547.1239,456.1121,480.0199,440.6589,440.6589,440.6589,440.6589,449.3823,479.70529999999997,475.4795,475.7577,441.9535,441.9535,441.9535,441.9535,449.4213,449.7979,442.1565,450.3918,452.2432,457.0703,445.68170000000003,445.68170000000003,548.1852,440.6589,443.6706,650.765,650.765,459.1779,441.84229999999997,498.9475,437.9176,0.0,0.0,458.96540000000005,475.599,451.3532,446.7379,449.27,455.8108,467.06809999999996,449.4213,457.9835,444.9417,480.1575,440.6589,443.3988,457.6998,438.0986,438.0986,438.0986,438.0986,442.1565,442.1565,461.5897,457.22159999999997,456.6209,456.6209,456.1494,439.3021,461.5339,287.5937,287.5937,440.6589,476.3626,449.50690000000003,455.9293,458.5398,451.4627,200.1474,200.1474,200.1474,440.6589,459.2017,458.95320000000004,476.25890000000004,455.4051,440.6589,455.5434,445.68170000000003,452.94829999999996,438.201,585.009,585.009,475.3639,498.9475
547.1239,456.1121,480.0199,440.6589,440.6589,440.6589,440.6589,449.3823,479.70529999999997,475.4795,475.7577,441.9535,441.9535,441.9535,441.9535,449.4213,449.7979,442.1565,450.3918,452.2432,457.0703,445.68170000000003,445.68170000000003,548.1852,440.6589,443.6706,650.765,650.765,459.1779,441.84229999999997,498.9475,437.9176,0.0,0.0,458.96540000000005,475.599,451.3532,446.7379,449.27,455.8108,467.06809999999996,449.4213,457.9835,444.9417,480.1575,440.6589,443.3988,457.6998,438.0986,438.0986,438.0986,438.0986,442.1565,442.1565,461.5897,457.22159999999997,456.6209,456.6209,456.1494,439.3021,461.5339,287.5937,287.5937,440.6589,476.3626,449.50690000000003,455.9293,458.5398,451.4627,200.1474,200.1474,200.1474,440.6589,459.2017,458.95320000000004,476.25890000000004,455.4051,440.6589,455.5434,445.68170000000003,452.94829999999996,438.201,585.009,585.009,475.3639,498.9475
30.3712,6.8082,24.1221,29.1283,29.1283,29.1283,29.1283,13.5109,23.8075,19.5817,129.9093,25.4399,25.4399,25.4399,25.4399,11.0194,11.482899999999999,19.411900000000003,11.9397,10.0349,5.8568999999999996,16.5652,16.5652,30.150299999999998,29.1283,17.8044,239.258,239.258,10.5049,19.2329,112.6182,19.6128,403.8584,403.8584,0.0,19.7012,9.443,19.0411,13.0297,6.8723,22.4522,11.0194,10.2856,16.6787,24.259700000000002,29.1283,17.4563,3.5014000000000003,20.1851,20.1851,20.1851,20.1851,19.411900000000003,19.411900000000003,5.4293000000000005,4.2192,18.9675,18.9675,4.7718,18.075,5.6362,132.8935,132.8935,29.1283,20.4648,13.635399999999999,8.6098,1.0157,18.5418,204.0595,204.0595,204.0595,29.1283,5.7845,1.4359000000000002,38.6054,17.7517,29.1283,17.89,16.5652,7.46,20.2875,514.0035,514.0035,19.466099999999997,112.6182
20.0959,20.2623,8.3612,44.1724,44.1724,44.1724,44.1724,28.2955,8.8338,0.3307,122.82469999999999,39.8629,39.8629,39.8629,39.8629,27.1876,27.6512,34.456,26.085900000000002,23.9297,19.311,30.389400000000002,30.389400000000002,19.875,44.1724,32.8485,232.367,232.367,16.1598,35.4011,105.5336,34.656800000000004,418.9024,418.9024,20.0003,0.0,26.4028,32.1719,27.175900000000002,20.326400000000003,45.875800000000005,27.1876,22.848,32.847,9.286,44.1724,32.500299999999996,18.7125,35.2292,35.2292,35.2292,35.2292,34.456,34.456,15.027700000000001,22.496299999999998,21.889200000000002,21.889200000000002,20.847900000000003,32.1364,18.009700000000002,147.9375,147.9375,44.1724,0.7636000000000001,28.3858,20.6757,20.6844,24.469900000000003,219.1036,219.1036,219.1036,44.1724,18.3469,21.0308,16.5192,31.1906,44.1724,22.2538,30.389400000000002,25.7372,35.3316,507.1125,507.1125,0.4893,105.5336
36.1953,8.4519,29.9462,21.4689,21.4689,21.4689,21.4689,6.5718000000000005,29.6316,25.4057,129.7152,17.7806,17.7806,17.7806,17.7806,4.0803,4.5438,11.752600000000001,3.9366999999999996,4.4825,7.229100000000001,8.9058,8.9058,35.9743,21.4689,10.145,232.319,232.319,11.1753,12.2938,112.42410000000001,11.9534,396.199,396.199,8.1174,25.5252,0.0,12.102,6.0907,7.6343000000000005,20.674400000000002,4.0803,9.980799999999999,9.739700000000001,30.0838,21.4689,9.796899999999999,7.6261,12.525799999999998,12.525799999999998,12.525799999999998,12.525799999999998,11.752600000000001,11.752600000000001,11.516,5.948300000000001,12.0285,12.0285,6.075699999999999,10.4156,11.4602,125.23410000000001,125.23410000000001,21.4689,26.2889,6.6964,5.6789,7.6918,11.602799999999998,196.4002,196.4002,196.4002,21.4689,11.9091,8.1052,31.666400000000003,10.8126,21.4689,10.950899999999999,8.9058,2.1003000000000003,12.628200000000001,507.06440000000003,507.06440000000003,25.290200000000002,112.42410000000001
43.5507,11.4659,37.3016,15.9505,15.9505,15.9505,15.9505,5.3876,36.987,32.7611,137.0706,11.489,11.489,11.489,11.489,8.643600000000001,8.3729,9.9584,11.5405,8.7295,12.424100000000001,10.251,10.251,43.329699999999995,15.9505,7.132899999999999,220.5358,220.5358,14.5317,6.3158,119.7795,10.1592,394.8322,394.8322,18.423,32.8806,12.668899999999999,0.0,11.7927,11.1646,28.591900000000003,8.643600000000001,13.337299999999999,3.3881,37.4392,15.9505,8.5345,14.9815,10.2322,10.2322,10.2322,10.2322,9.9584,9.9584,18.8714,14.7524,12.1104,12.1104,13.4311,10.0911,18.8156,123.8673,123.8673,15.9505,33.6443,5.4779,11.283100000000001,17.5442,5.8308,195.0334,195.0334,195.0334,15.9505,14.555399999999999,17.778299999999998,31.7484,7.687,15.9505,11.0329,10.251,13.8137,10.334700000000002,495.2812,495.2812,32.6456,119.7795
40.270300000000006,12.4895,34.0212,18.74,18.74,18.74,18.74,6.1166,33.7066,29.480700000000002,133.7902,15.0516,15.0516,15.0516,15.0516,6.0048,6.1753,8.3991,2.3421,7.647600000000001,11.3041,3.3539,3.3539,40.0493,18.74,7.4161,233.28889999999998,233.28889999999998,15.555399999999999,11.2839,116.49910000000001,8.5999,393.4701,393.4701,11.7371,29.6002,4.8816999999999995,11.210700000000001,0.0,12.1882,18.574099999999998,6.0048,14.360899999999999,8.8483,34.1588,18.74,7.068,11.7011,7.5198,7.5198,7.5198,7.5198,8.3991,8.3991,15.5909,9.1231,12.9984,12.9984,10.1507,5.100899999999999,15.535200000000001,122.5052,122.5052,18.74,30.3639,6.2412,9.7539,11.3115,12.572700000000001,193.6712,193.6712,193.6712,18.74,15.9841,11.7249,32.6363,11.7826,18.74,11.9208,3.3539,6.316,7.622199999999999,508.0344,508.0344,29.3652,116.49910000000001
33.454800000000006,1.2472999999999999,27.2057,23.1511,23.1511,23.1511,23.1511,7.3137,26.891099999999998,22.665200000000002,126.9747,17.978099999999998,17.978099999999998,17.978099999999998,17.978099999999998,5.3028,5.7664,15.8796,9.608,4.353,1.7485,13.0329,13.0329,33.2338,23.1511,14.2721,231.7151,231.7151,5.1778,13.5163,109.68360000000001,16.0805,402.0328,402.0328,8.6838,22.7847,8.7709,11.19,9.8602,0.0,30.4575,5.3028,3.9833000000000003,10.962200000000001,27.3433,23.1511,13.924,4.8856,16.6528,16.6528,16.6528,16.6528,15.8796,15.8796,8.7755,4.2603,11.4246,11.4246,3.1758,14.5427,8.719700000000001,131.06789999999998,131.06789999999998,23.1511,23.5484,7.404,2.1853000000000002,7.448300000000001,9.6543,202.234,202.234,202.234,23.1511,4.6408000000000005,7.6823999999999995,31.0625,10.2088,23.1511,10.347100000000001,13.0329,8.6567,16.7553,506.4606,506.4606,22.5497,109.68360000000001
30.640700000000002,29.064400000000003,40.2641,36.4193,36.4193,36.4193,36.4193,24.8695,39.1669,37.6432,123.32289999999999,32.7309,32.7309,32.7309,32.7309,22.378,22.8415,25.779700000000002,17.753700000000002,22.7802,28.1131,20.7345,20.7345,28.867,36.4193,25.095299999999998,250.6167,250.6167,31.8693,28.9632,106.0317,25.9806,411.1493,411.1493,22.9417,37.762699999999995,18.1677,30.3997,18.3854,29.1285,0.0,22.378,31.65,28.0373,40.4017,36.4193,24.7472,26.0901,24.9004,24.9004,24.9004,24.9004,25.779700000000002,25.779700000000002,24.1256,26.8078,30.3261,30.3261,24.3734,22.4815,23.0774,140.18439999999998,140.18439999999998,36.4193,38.5264,24.9941,23.976599999999998,23.2635,29.9005,211.3505,211.3505,211.3505,36.4193,27.149,23.3459,49.9641,29.1103,36.4193,29.2486,20.7345,19.602,25.0028,525.3620999999999,525.3620999999999,37.527699999999996,106.0317
37.1873,8.6415,30.938200000000002,19.0504,19.0504,19.0504,19.0504,3.6936999999999998,30.6235,26.3977,130.7072,13.8774,13.8774,13.8774,13.8774,0.0,1.6657,12.424,5.023899999999999,3.102,8.2211,9.577200000000001,9.577200000000001,36.966300000000004,19.0504,10.8164,229.4408,229.4408,11.7073,9.415700000000001,113.4161,12.624799999999999,397.9321,397.9321,10.8731,26.5172,5.1049,9.2239,6.113899999999999,5.931100000000001,22.075400000000002,0.0,10.5129,6.8615,31.0758,19.0504,10.4683,8.6181,13.1972,13.1972,13.1972,13.1972,12.424,12.424,12.5079,8.139800000000001,9.1503,9.1503,7.067699999999999,11.087,12.452200000000001,126.96719999999999,126.96719999999999,19.0504,27.2808,3.8183000000000002,6.6709,10.4475,8.7247,198.1333,198.1333,198.1333,19.0504,12.9011,11.4149,28.7882,7.9345,19.0504,8.0728,9.577200000000001,4.856,13.2996,504.18629999999996,504.18629999999996,26.2822,113.4161
34.0351,4.7761000000000005,27.786,22.8083,22.8083,22.8083,22.8083,9.0886,27.471400000000003,18.557299999999998,127.555,17.053900000000002,17.053900000000002,17.053900000000002,17.053900000000002,8.2249,8.6885,18.8018,12.530100000000001,7.2513000000000005,5.7344,15.955,15.955,33.814099999999996,22.8083,17.194200000000002,228.2096,228.2096,2.1203000000000003,16.4384,110.26389999999999,19.002599999999997,404.9549,404.9549,15.259,18.5147,11.693,11.2834,12.7823,4.4749,31.2023,8.2249,0.0,13.8843,27.923599999999997,22.8083,16.8461,11.8174,19.575,19.575,19.575,19.575,18.8018,18.8018,7.4422,11.588299999999998,8.0153,8.0153,10.267100000000001,17.4648,9.3,133.99,133.99,22.8083,17.846700000000002,9.1789,6.671600000000001,14.3801,8.530299999999999,205.1561,205.1561,205.1561,22.8083,4.46,14.6142,27.557,8.977799999999998,22.8083,9.116100000000001,15.955,11.4441,19.677400000000002,502.95509999999996,502.95509999999996,18.4418,110.26389999999999
43.813,11.7281,37.563900000000004,14.0814,14.0814,14.0814,14.0814,5.6499,37.249300000000005,33.0234,137.3329,9.4329,9.4329,9.4329,9.4329,7.0586,7.4351,9.4562,10.4078,8.9918,12.686399999999999,9.748899999999999,9.748899999999999,43.592,14.0814,6.6308,221.9266,221.9266,14.794,4.4467,120.04180000000001,9.657,392.9631,392.9631,18.685299999999998,33.142900000000004,11.536200000000001,2.3655999999999997,10.66,11.4268,27.4592,7.0586,13.5995,0.0,37.7015,14.0814,8.0323,15.243799999999998,9.7301,9.7301,9.7301,9.7301,9.4562,9.4562,19.133599999999998,15.014700000000001,12.3727,12.3727,13.6934,9.588899999999999,19.077900000000003,121.9982,121.9982,14.0814,33.9066,5.7402,11.545399999999999,17.8064,7.2217,193.1643,193.1643,193.1643,14.0814,14.8177,18.040599999999998,32.0107,11.1569,14.0814,11.295200000000001,9.748899999999999,12.681,9.8325,496.6721,496.6721,32.9079,120.04180000000001
13.504,24.7618,1.5740999999999998,48.6719,48.6719,48.6719,48.6719,32.795,0.826,8.4536,113.7204,44.3624,44.3624,44.3624,44.3624,31.687099999999997,32.1506,38.9555,30.5854,28.4292,23.8105,34.8889,34.8889,13.283,48.6719,37.3479,240.9402,240.9402,27.5668,39.9006,96.4293,39.1563,423.4019,423.4019,24.4997,8.5731,30.9023,36.6714,31.6754,24.8259,39.2839,31.687099999999997,27.3475,37.3465,0.0,48.6719,36.9998,23.212,39.728699999999996,39.728699999999996,39.728699999999996,39.728699999999996,38.9555,38.9555,19.5272,26.9958,36.9059,36.9059,25.3474,36.6359,22.5092,152.437,152.437,48.6719,9.336799999999998,32.8853,25.1752,25.1839,35.078199999999995,223.6031,223.6031,223.6031,48.6719,22.846400000000003,25.5302,16.275,35.6901,48.6719,35.8284,34.8889,30.2366,39.8311,515.6856,515.6856,8.3381,96.4293
55.2889,25.1319,49.0398,0.0,0.0,0.0,0.0,18.402099999999997,48.7251,44.499300000000005,148.8088,6.1816,6.1816,6.1816,6.1816,18.441200000000002,18.817700000000002,12.2575,21.7903,21.263,26.0902,15.7827,15.7827,55.0679,0.0,12.6904,211.7812,211.7812,28.1978,10.8621,131.51770000000002,12.455200000000001,384.28540000000004,384.28540000000004,30.080599999999997,44.6188,22.9187,15.7578,22.0425,24.830599999999997,38.841699999999996,18.441200000000002,27.0033,13.9616,49.1773,0.0,13.499799999999999,26.7197,12.8074,12.8074,12.8074,12.8074,12.2575,12.2575,30.6095,26.241400000000002,25.6408,25.6408,25.1693,16.6308,30.5538,113.3205,113.3205,0.0,45.382400000000004,18.5267,24.9492,29.655099999999997,15.837299999999999,184.4866,184.4866,184.4866,0.0,28.2215,29.5164,45.2787,24.425,0.0,24.563200000000002,15.7827,24.0635,12.909799999999999,486.5267,486.5267,44.3838,131.51770000000002
44.7249,17.3642,38.4758,13.5114,13.5114,13.5114,13.5114,10.991299999999999,38.161199999999994,33.9354,138.2448,10.960799999999999,10.960799999999999,10.960799999999999,10.960799999999999,10.8795,11.05,2.4621999999999997,9.549700000000001,12.5223,15.758799999999999,4.8397,4.8397,44.504,13.5114,3.3428,223.6174,223.6174,20.4301,7.1931,120.9537,2.6631,388.2414,388.2414,18.1234,34.0548,10.5111,10.694,8.428,17.062900000000003,26.2261,10.8795,19.235599999999998,8.0233,38.6134,13.5114,0.0,16.1557,2.7361,2.7361,2.7361,2.7361,2.4621999999999997,2.4621999999999997,20.0456,15.9542,17.873099999999997,17.873099999999997,14.6053,4.642600000000001,19.9898,117.2765,117.2765,13.5114,34.8185,11.1159,14.2085,17.6978,13.571200000000001,188.4426,188.4426,188.4426,13.5114,20.4387,18.1112,37.511,16.6572,13.5114,16.7955,4.8397,12.106200000000001,2.8385,498.3629,498.3629,33.8198,120.9537
30.4815,5.1,24.232400000000002,28.868599999999997,28.868599999999997,28.868599999999997,28.868599999999997,13.251100000000001,23.9178,19.692,124.0015,25.1802,25.1802,25.1802,25.1802,10.7597,11.2232,19.1522,11.68,7.0323,4.1487,16.3055,16.3055,30.2606,28.868599999999997,17.544700000000002,236.5648,236.5648,10.915700000000001,18.9731,106.7103,19.353099999999998,403.5987,403.5987,4.9853000000000005,19.8115,9.1833,16.0397,12.77,5.1641,27.4842,10.7597,10.696399999999999,16.419,24.37,28.868599999999997,17.1966,0.0,19.9254,19.9254,19.9254,19.9254,19.1522,19.1522,5.8022,3.9595,16.2743,16.2743,1.479,17.8153,5.7465,132.63379999999998,132.63379999999998,28.868599999999997,20.5751,13.3757,3.5011,3.3946,14.4465,203.79979999999998,203.79979999999998,203.79979999999998,28.868599999999997,6.1953000000000005,3.9838,35.9122,15.058399999999999,28.868599999999997,15.1967,16.3055,7.2003,20.0278,511.3103,511.3103,19.5765,106.7103
45.762,21.1665,39.5129,12.805399999999999,12.805399999999999,12.805399999999999,12.805399999999999,14.4367,39.1982,34.9724,139.2819,12.026399999999999,12.026399999999999,12.026399999999999,12.026399999999999,14.4758,14.8523,1.3604,10.586799999999998,13.5594,16.7958,5.8768,5.8768,45.541,12.805399999999999,5.4899,222.9114,222.9114,24.232400000000002,8.258700000000001,121.99080000000001,1.1867,385.05,385.05,19.160400000000003,35.0919,11.548200000000001,11.7596,9.465,20.8652,27.263099999999998,14.4758,23.0379,9.8169,39.650400000000005,12.805399999999999,3.607,17.1928,0.0,0.0,0.0,0.0,1.3604,1.3604,21.0826,16.9913,21.6754,21.6754,15.6424,3.7814,21.0269,114.08510000000001,114.08510000000001,12.805399999999999,35.8555,14.5613,15.2455,18.7348,15.445200000000002,185.2512,185.2512,185.2512,12.805399999999999,21.4758,19.1482,41.313300000000005,20.4595,12.805399999999999,20.5978,5.8768,13.1433,0.1024,497.6569,497.6569,34.8569,121.99080000000001
45.762,21.1665,39.5129,12.805399999999999,12.805399999999999,12.805399999999999,12.805399999999999,14.4367,39.1982,34.9724,139.2819,12.026399999999999,12.026399999999999,12.026399999999999,12.026399999999999,14.4758,14.8523,1.3604,10.586799999999998,13.5594,16.7958,5.8768,5.8768,45.541,12.805399999999999,5.4899,222.9114,222.9114,24.232400000000002,8.258700000000001,121.99080000000001,1.1867,385.05,385.05,19.160400000000003,35.0919,11.548200000000001,11.7596,9.465,20.8652,27.263099999999998,14.4758,23.0379,9.8169,39.650400000000005,12.805399999999999,3.607,17.1928,0.0,0.0,0.0,0.0,1.3604,1.3604,21.0826,16.9913,21.6754,21.6754,15.6424,3.7814,21.0269,114.08510000000001,114.08510000000001,12.805399999999999,35.8555,14.5613,15.2455,18.7348,15.445200000000002,185.2512,185.2512,185.2512,12.805399999999999,21.4758,19.1482,41.313300000000005,20.4595,12.805399999999999,20.5978,5.8768,13.1433,0.1024,497.6569,497.6569,34.8569,121.99080000000001
45.762,21.1665,39.5129,12.805399999999999,12.805399999999999,12.805399999999999,12.805399999999999,14.4367,39.1982,34.9724,139.2819,12.026399999999999,12.026399999999999,12.026399999999999,12.026399999999999,14.4758,14.8523,1.3604,10.586799999999998,13.5594,16.7958,5.8768,5.8768,45.541,12.805399999999999,5.4899,222.9114,222.9114,24.232400000000002,8.258700000000001,121.99080000000001,1.1867,385.05,385.05,19.160400000000003,35.0919,11.548200000000001,11.7596,9.465,20.8652,27.263099999999998,14.4758,23.0379,9.8169,39.650400000000005,12.805399999999999,3.607,17.1928,0.0,0.0,0.0,0.0,1.3604,1.3604,21.0826,16.9913,21.6754,21.6754,15.6424,3.7814,21.0269,114.08510000000001,114.08510000000001,12.805399999999999,35.8555,14.5613,15.2455,18.7348,15.445200000000002,185.2512,185.2512,185.2512,12.805399999999999,21.4758,19.1482,41.313300000000005,20.4595,12.805399999999999,20.5978,5.8768,13.1433,0.1024,497.6569,497.6569,34.8569,121.99080000000001
45.762,21.1665,39.5129,12.805399999999999,12.805399999999999,12.805399999999999,12.805399999999999,14.4367,39.1982,34.9724,139.2819,12.026399999999999,12.026399999999999,12.026399999999999,12.026399999999999,14.4758,14.8523,1.3604,10.586799999999998,13.5594,16.7958,5.8768,5.8768,45.541,12.805399999999999,5.4899,222.9114,222.9114,24.232400000000002,8.258700000000001,121.99080000000001,1.1867,385.05,385.05,19.160400000000003,35.0919,11.548200000000001,11.7596,9.465,20.8652,27.263099999999998,14.4758,23.0379,9.8169,39.650400000000005,12.805399999999999,3.607,17.1928,0.0,0.0,0.0,0.0,1.3604,1.3604,21.0826,16.9913,21.6754,21.6754,15.6424,3.7814,21.0269,114.08510000000001,114.08510000000001,12.805399999999999,35.8555,14.5613,15.2455,18.7348,15.445200000000002,185.2512,185.2512,185.2512,12.805399999999999,21.4758,19.1482,41.313300000000005,20.4595,12.805399999999999,20.5978,5.8768,13.1433,0.1024,497.6569,497.6569,34.8569,121.99080000000001
45.4967,18.136,39.2476,12.929200000000002,12.929200000000002,12.929200000000002,12.929200000000002,11.7631,38.933,34.7072,139.01670000000001,12.1502,12.1502,12.1502,12.1502,14.5996,11.8218,0.0,10.3216,13.2941,16.5306,5.6115,5.6115,45.275800000000004,12.929200000000002,3.7659000000000002,223.0352,223.0352,21.201900000000002,8.3825,121.7255,0.2008,385.17379999999997,385.17379999999997,18.8952,34.826699999999995,11.283,11.8834,9.1998,17.8347,26.9979,14.5996,20.0074,9.940700000000001,39.3852,12.929200000000002,2.9798,16.9275,0.5075,0.5075,0.5075,0.5075,0.0,0.0,20.817400000000003,16.726,18.6449,18.6449,15.3772,3.9052,20.7617,114.209,114.209,12.929200000000002,35.590300000000006,11.8877,14.9803,18.4696,13.9276,185.375,185.375,185.375,12.929200000000002,21.2105,18.883,38.2828,17.4291,12.929200000000002,17.5673,5.6115,12.8781,0.6099,497.7807,497.7807,34.591699999999996,121.7255
45.4967,18.136,39.2476,12.929200000000002,12.929200000000002,12.929200000000002,12.929200000000002,11.7631,38.933,34.7072,139.01670000000001,12.1502,12.1502,12.1502,12.1502,14.5996,11.8218,0.0,10.3216,13.2941,16.5306,5.6115,5.6115,45.275800000000004,12.929200000000002,3.7659000000000002,223.0352,223.0352,21.201900000000002,8.3825,121.7255,0.2008,385.17379999999997,385.17379999999997,18.8952,34.826699999999995,11.283,11.8834,9.1998,17.8347,26.9979,14.5996,20.0074,9.940700000000001,39.3852,12.929200000000002,2.9798,16.9275,0.5075,0.5075,0.5075,0.5075,0.0,0.0,20.817400000000003,16.726,18.6449,18.6449,15.3772,3.9052,20.7617,114.209,114.209,12.929200000000002,35.590300000000006,11.8877,14.9803,18.4696,13.9276,185.375,185.375,185.375,12.929200000000002,21.2105,18.883,38.2828,17.4291,12.929200000000002,17.5673,5.6115,12.8781,0.6099,497.7807,497.7807,34.591699999999996,121.7255
28.3642,5.8816999999999995,22.115099999999998,29.7918,29.7918,29.7918,29.7918,13.9149,21.8005,17.5747,121.8841,25.4823,25.4823,25.4823,25.4823,12.807,13.2705,20.075400000000002,11.7053,9.549100000000001,4.9304,16.0088,16.0088,28.1432,29.7918,18.4678,238.3164,238.3164,8.6867,21.0205,104.593,20.2762,404.5218,404.5218,5.6196,17.6941,12.022200000000002,17.7913,12.7953,5.9458,24.2673,12.807,8.4674,18.4664,22.2527,29.7918,18.1197,4.331899999999999,20.848599999999998,20.848599999999998,20.848599999999998,20.848599999999998,20.075400000000002,20.075400000000002,0.0,8.1157,18.0258,18.0258,6.4673,17.7558,3.6290999999999998,133.55689999999998,133.55689999999998,29.7918,18.4578,14.0052,6.295100000000001,6.3038,16.1981,204.723,204.723,204.723,29.7918,3.9663000000000004,6.6501,37.6637,16.81,29.7918,16.9483,16.0088,11.3565,20.951,513.0618,513.0618,17.4591,104.593
33.4912,5.7423,27.242099999999997,25.6165,25.6165,25.6165,25.6165,9.999,26.9275,22.7016,127.0111,21.928099999999997,21.928099999999997,21.928099999999997,21.928099999999997,7.5075,7.971100000000001,15.9001,8.4279,6.5231,4.2956,13.0534,13.0534,33.270199999999996,25.6165,14.2926,235.74620000000002,235.74620000000002,11.6198,15.721,109.72,16.101,400.3465,400.3465,4.5262,22.821099999999998,5.9312,15.529200000000001,9.5179,4.7008,26.7619,7.5075,10.4253,13.1669,27.3797,25.6165,13.9444,4.922,16.673299999999998,16.673299999999998,16.673299999999998,16.673299999999998,15.9001,15.9001,8.8119,0.0,15.4557,15.4557,2.3461999999999996,14.5632,8.7561,129.3817,129.3817,25.6165,23.584799999999998,10.1236,5.097899999999999,4.1007,15.03,200.54770000000002,200.54770000000002,200.54770000000002,25.6165,9.205,3.1311,35.093599999999995,14.2399,25.6165,14.378200000000001,13.0534,3.9482,16.7757,510.49170000000004,510.49170000000004,22.5861,109.72
43.6046,11.5198,37.3555,20.1432,20.1432,20.1432,20.1432,6.4645,37.0409,32.8151,137.12460000000002,14.3888,14.3888,14.3888,14.3888,7.918,8.2945,17.3598,10.9702,8.7835,12.478,13.9695,13.9695,43.3837,20.1432,14.5344,222.352,222.352,8.2059,14.562100000000001,119.8334,17.5607,403.0786,403.0786,18.477,32.934599999999996,12.098600000000001,8.6183,11.2225,11.2185,28.0217,7.918,9.101299999999998,12.008,37.4931,20.1432,15.365200000000002,15.0354,17.6337,17.6337,17.6337,17.6337,17.3598,17.3598,18.9253,14.806299999999998,0.0,0.0,13.485100000000001,16.0123,18.8696,132.11370000000002,132.11370000000002,20.1432,23.485799999999998,6.5548,11.3371,17.5981,3.5364,203.2798,203.2798,203.2798,20.1432,14.609399999999999,17.8322,21.6994,2.0930999999999997,20.1432,0.36460000000000004,13.9695,13.2435,17.736099999999997,497.0975,497.0975,32.6996,119.8334
43.6046,11.5198,37.3555,20.1432,20.1432,20.1432,20.1432,6.4645,37.0409,32.8151,137.12460000000002,14.3888,14.3888,14.3888,14.3888,7.918,8.2945,17.3598,10.9702,8.7835,12.478,13.9695,13.9695,43.3837,20.1432,14.5344,222.352,222.352,8.2059,14.562100000000001,119.8334,17.5607,403.0786,403.0786,18.477,32.934599999999996,12.098600000000001,8.6183,11.2225,11.2185,28.0217,7.918,9.101299999999998,12.008,37.4931,20.1432,15.365200000000002,15.0354,17.6337,17.6337,17.6337,17.6337,17.3598,17.3598,18.9253,14.806299999999998,0.0,0.0,13.485100000000001,16.0123,18.8696,132.11370000000002,132.11370000000002,20.1432,23.485799999999998,6.5548,11.3371,17.5981,3.5364,203.2798,203.2798,203.2798,20.1432,14.609399999999999,17.8322,21.6994,2.0930999999999997,20.1432,0.36460000000000004,13.9695,13.2435,17.736099999999997,497.0975,497.0975,32.6996,119.8334
31.788,4.0390999999999995,25.5389,26.065900000000003,26.065900000000003,26.065900000000003,26.065900000000003,9.9748,25.2242,20.9984,125.30789999999999,20.1586,20.1586,20.1586,20.1586,7.4833,7.946899999999999,16.3495,7.9794,5.8232,2.5924,12.2829,12.2829,31.567,26.065900000000003,14.7419,233.9127,233.9127,8.187,15.6968,108.0168,16.5503,400.7959,400.7959,4.8981,21.117900000000002,7.6909,14.7582,9.0694,2.9976,28.7907,7.4833,6.9925,13.142700000000001,25.6764,26.065900000000003,14.393799999999999,3.2188000000000003,17.122700000000002,17.122700000000002,17.122700000000002,17.122700000000002,16.3495,16.3495,7.1086,1.7597,13.622200000000001,13.622200000000001,0.0,14.0299,7.052899999999999,129.831,129.831,26.065900000000003,21.8815,10.0994,2.292,5.7814,12.0052,200.99710000000002,200.99710000000002,200.99710000000002,26.065900000000003,7.5018,4.658600000000001,33.2601,12.4064,26.065900000000003,12.5446,12.2829,5.7078999999999995,17.225099999999998,508.6582,508.6582,20.882900000000003,108.0168
45.1946,16.491,38.9455,16.223200000000002,16.223200000000002,16.223200000000002,16.223200000000002,10.118,38.630900000000004,34.4051,138.7145,12.9397,12.9397,12.9397,12.9397,10.006200000000002,10.1768,5.1741,6.1674,11.6491,16.2285,2.9039,2.9039,44.973699999999994,16.223200000000002,5.2986,226.3293,226.3293,19.556900000000002,9.172,121.4234,5.374899999999999,384.0797,384.0797,15.1249,34.5245,8.2696,10.8152,4.5632,16.189700000000002,21.962,10.006200000000002,18.3624,8.4529,39.0831,16.223200000000002,4.9305,16.625400000000003,3.7508000000000004,3.7508000000000004,3.7508000000000004,3.7508000000000004,5.1741,5.1741,20.5153,12.511,16.9998,16.9998,15.075,0.0,20.4595,113.1148,113.1148,16.223200000000002,35.288199999999996,10.2426,14.6782,14.699399999999999,14.0007,184.2809,184.2809,184.2809,16.223200000000002,20.9084,15.1128,36.637800000000006,15.784,16.223200000000002,15.9223,2.9039,9.703899999999999,3.8531999999999997,501.0747,501.0747,34.2895,121.4234
25.5156,7.988,19.2665,31.8981,31.8981,31.8981,31.8981,16.0212,18.951900000000002,14.7261,119.0355,27.5886,27.5886,27.5886,27.5886,14.9133,15.3769,22.1817,13.8116,11.6554,7.0368,18.115099999999998,18.115099999999998,25.294700000000002,31.8981,20.5742,240.42270000000002,240.42270000000002,10.793,23.1268,101.7444,22.3825,406.62809999999996,406.62809999999996,6.7374,14.8455,14.1286,19.897599999999997,14.9016,8.052100000000001,24.0197,14.9133,10.5737,20.5727,19.4041,31.8981,20.226,6.4382,22.954900000000002,22.954900000000002,22.954900000000002,22.954900000000002,22.1817,22.1817,2.7534,10.222,20.1322,20.1322,8.5736,19.862099999999998,0.0,135.6633,135.6633,31.8981,15.609200000000001,16.1116,8.401399999999999,7.0592,18.3044,206.8293,206.8293,206.8293,31.8981,6.0726,7.1416,30.4734,18.9163,31.8981,19.054599999999997,18.115099999999998,13.4629,23.057299999999998,515.1682,515.1682,14.6105,101.7444
264.4567,184.03670000000002,207.9446,168.58360000000002,168.58360000000002,168.58360000000002,168.58360000000002,177.30689999999998,207.63,203.4041,193.0905,169.87820000000002,169.87820000000002,169.87820000000002,169.87820000000002,177.346,177.7225,170.0811,178.3164,180.1678,184.995,173.6064,173.6064,265.518,168.58360000000002,171.5952,378.6896,378.6896,187.1026,169.7669,216.2802,165.8423,287.6221,287.6221,186.89,203.52360000000002,179.27779999999998,174.6626,177.1946,183.7354,194.9928,177.346,185.90810000000002,172.8664,208.0822,168.58360000000002,171.3235,185.6245,166.02329999999998,166.02329999999998,166.02329999999998,166.02329999999998,170.0811,170.0811,189.5143,185.14620000000002,184.5456,184.5456,184.07410000000002,167.2268,189.45860000000002,0.0,0.0,168.58360000000002,204.2872,177.4315,183.854,186.4645,179.38729999999998,87.8233,87.8233,87.8233,168.58360000000002,187.1263,186.87789999999998,204.1835,183.32979999999998,168.58360000000002,183.468,173.6064,180.8729,166.12570000000002,653.4350999999999,653.4350999999999,203.2886,216.2802
264.4567,184.03670000000002,207.9446,168.58360000000002,168.58360000000002,168.58360000000002,168.58360000000002,177.30689999999998,207.63,203.4041,193.0905,169.87820000000002,169.87820000000002,169.87820000000002,169.87820000000002,177.346,177.7225,170.0811,178.3164,180.1678,184.995,173.6064,173.6064,265.518,168.58360000000002,171.5952,378.6896,378.6896,187.1026,169.7669,216.2802,165.8423,287.6221,287.6221,186.89,203.52360000000002,179.27779999999998,174.6626,177.1946,183.7354,194.9928,177.346,185.90810000000002,172.8664,208.0822,168.58360000000002,171.3235,185.6245,166.02329999999998,166.02329999999998,166.02329999999998,166.02329999999998,170.0811,170.0811,189.5143,185.14620000000002,184.5456,184.5456,184.07410000000002,167.2268,189.45860000000002,0.0,0.0,168.58360000000002,204.2872,177.4315,183.854,186.4645,179.38729999999998,87.8233,87.8233,87.8233,168.58360000000002,187.1263,186.87789999999998,204.1835,183.32979999999998,168.58360000000002,183.468,173.6064,180.8729,166.12570000000002,653.4350999999999,653.4350999999999,203.2886,216.2802
55.2889,25.1319,49.0398,0.0,0.0,0.0,0.0,18.402099999999997,48.7251,44.499300000000005,148.8088,6.1816,6.1816,6.1816,6.1816,18.441200000000002,18.817700000000002,12.2575,21.7903,21.263,26.0902,15.7827,15.7827,55.0679,0.0,12.6904,211.7812,211.7812,28.1978,10.8621,131.51770000000002,12.455200000000001,384.28540000000004,384.28540000000004,30.080599999999997,44.6188,22.9187,15.7578,22.0425,24.830599999999997,38.841699999999996,18.441200000000002,27.0033,13.9616,49.1773,0.0,13.499799999999999,26.7197,12.8074,12.8074,12.8074,12.8074,12.2575,12.2575,30.6095,26.241400000000002,25.6408,25.6408,25.1693,16.6308,30.5538,113.3205,113.3205,0.0,45.382400000000004,18.5267,24.9492,29.655099999999997,15.837299999999999,184.4866,184.4866,184.4866,0.0,28.2215,29.5164,45.2787,24.425,0.0,24.563200000000002,15.7827,24.0635,12.909799999999999,486.5267,486.5267,44.3838,131.51770000000002
20.436700000000002,20.603099999999998,8.702,37.292699999999996,37.292699999999996,37.292699999999996,37.292699999999996,28.6363,9.1746,1.0931,123.1655,40.2037,40.2037,40.2037,40.2037,27.5284,27.992,34.796800000000005,26.4267,24.2705,19.6519,30.7302,30.7302,20.215799999999998,37.292699999999996,33.1893,232.11339999999998,232.11339999999998,14.704600000000001,35.7419,105.8744,34.9976,419.2432,419.2432,20.341099999999997,1.2126,26.7437,25.767799999999998,27.5167,20.6672,46.2166,27.5284,15.7549,33.1878,9.6268,37.292699999999996,32.8411,19.0533,35.57,35.57,35.57,35.57,34.796800000000005,34.796800000000005,15.3685,22.8371,21.6356,21.6356,21.1887,32.4772,18.3505,148.2783,148.2783,37.292699999999996,0.0,28.7267,21.0165,21.0252,23.0148,219.4444,219.4444,219.4444,37.292699999999996,18.6877,21.371599999999997,13.3245,23.7286,37.292699999999996,22.0002,30.7302,26.078,35.6724,506.8589,506.8589,0.9776,105.8744
39.6128,7.5279,33.363699999999994,18.285400000000003,18.285400000000003,18.285400000000003,18.285400000000003,0.8637,33.049,28.8232,133.1327,13.1124,13.1124,13.1124,13.1124,3.9644,4.3408999999999995,12.7761,7.0166,4.791600000000001,8.4862,10.0159,10.0159,39.3918,18.285400000000003,9.950700000000001,228.4631,228.4631,10.5938,8.6506,115.8416,12.976899999999999,397.1671,397.1671,14.485100000000001,28.942700000000002,8.145,5.2736,7.268800000000001,7.2266,24.068099999999998,3.9644,9.399299999999998,6.0965,33.5013,18.285400000000003,9.380700000000001,11.0436,13.05,13.05,13.05,13.05,12.7761,12.7761,14.933399999999999,10.8145,8.1725,8.1725,9.4932,12.0587,14.8777,126.20219999999999,126.20219999999999,18.285400000000003,29.7063,0.0,7.3452,13.606200000000001,3.9134,197.36829999999998,197.36829999999998,197.36829999999998,18.285400000000003,10.6175,13.840399999999999,27.8104,6.9567,18.285400000000003,7.095,10.0159,9.2899,13.1524,503.2085,503.2085,28.7077,115.8416
32.6496,3.4325,26.4005,23.287200000000002,23.287200000000002,23.287200000000002,23.287200000000002,7.9304,26.085900000000002,21.8601,126.1695,18.1142,18.1142,18.1142,18.1142,5.438899999999999,5.9025,15.514899999999999,7.1448,3.389,2.0646999999999998,11.4483,11.4483,32.4287,23.287200000000002,13.9073,231.7442,231.7442,7.2188,13.6524,108.8784,15.7157,399.9613,399.9613,7.8787,21.979599999999998,7.4616999999999996,12.5434,8.2348,2.3909000000000002,29.6523,5.438899999999999,6.0243,11.0983,26.5381,23.287200000000002,13.5592,4.0804,16.2881,16.2881,16.2881,16.2881,15.514899999999999,15.514899999999999,7.9703,3.4551999999999996,11.453700000000001,11.453700000000001,2.3707,13.1953,7.9146,128.9964,128.9964,23.287200000000002,22.7432,8.055,0.0,6.6431000000000004,9.7904,200.1625,200.1625,200.1625,23.287200000000002,8.3634,6.8772,31.0916,10.2379,23.287200000000002,10.3762,11.4483,7.5188999999999995,16.3905,506.4897,506.4897,21.7445,108.8784
31.2122,6.2178,24.963099999999997,29.0746,29.0746,29.0746,29.0746,13.4571,24.648400000000002,20.4226,124.7321,25.386200000000002,25.386200000000002,25.386200000000002,25.386200000000002,10.9656,11.4291,19.3582,9.9566,9.553600000000001,5.2665,12.9374,12.9374,30.9912,29.0746,17.7506,238.1817,238.1817,11.345799999999999,19.1791,107.441,19.559,403.8046,403.8046,0.9806,20.542099999999998,8.399,18.981,10.588299999999998,6.281899999999999,22.8975,10.9656,11.1265,16.625,25.1006,29.0746,17.4025,2.911,20.131400000000003,20.131400000000003,20.131400000000003,20.131400000000003,19.3582,19.3582,6.2702,4.5422,17.8912,17.8912,4.218100000000001,14.6844,6.4771,132.83970000000002,132.83970000000002,29.0746,21.3057,13.581700000000001,6.6311,0.0,16.227899999999998,204.0058,204.0058,204.0058,29.0746,6.6255,0.48369999999999996,37.5291,16.6754,29.0746,16.8137,12.9374,5.6713000000000005,20.2338,512.9272,512.9272,20.3071,107.441
42.4945,10.4097,36.245400000000004,16.682299999999998,16.682299999999998,16.682299999999998,16.682299999999998,5.3543,35.930800000000005,31.705,136.0144,10.9279,10.9279,10.9279,10.9279,6.8078,7.1843,13.899,9.860100000000001,7.6734,11.367899999999999,12.8593,12.8593,42.2736,16.682299999999998,11.0736,223.0617,223.0617,9.4239,10.261899999999999,118.72330000000001,14.0998,398.7783,398.7783,17.366799999999998,31.8244,10.9885,5.1574,10.1123,10.1084,26.9116,6.8078,9.380799999999999,7.7077,36.383,16.682299999999998,12.475100000000001,13.9253,14.1729,14.1729,14.1729,14.1729,13.899,13.899,17.8152,13.696200000000001,5.1401,5.1401,12.3749,14.0317,17.759400000000003,127.81339999999999,127.81339999999999,16.682299999999998,26.564400000000003,5.4447,10.226899999999999,16.488,0.0,198.9795,198.9795,198.9795,16.682299999999998,13.4993,16.722099999999998,24.778,1.2273,16.682299999999998,4.0625,12.8593,12.133299999999998,14.2753,497.8072,497.8072,31.5894,118.72330000000001
346.9765,255.96470000000002,279.8725,240.5115,240.5115,240.5115,240.5115,249.23489999999998,279.5579,275.33209999999997,275.6103,241.80610000000001,241.80610000000001,241.80610000000001,241.80610000000001,249.2739,249.6504,242.00910000000002,250.24429999999998,252.09570000000002,256.92289999999997,245.5343,245.5343,348.0378,240.5115,243.5232,450.6176,450.6176,259.0305,241.6948,298.8001,237.77020000000002,200.09810000000002,200.09810000000002,258.818,275.4515,251.2057,246.5905,249.1226,255.6634,266.9207,249.2739,257.8361,244.7943,280.01009999999997,240.5115,243.2514,257.5524,237.9512,237.9512,237.9512,237.9512,242.00910000000002,242.00910000000002,261.4423,257.0741,256.4735,256.4735,256.002,239.15470000000002,261.3865,87.44630000000001,87.44630000000001,240.5115,276.21520000000004,249.3594,255.7819,258.3924,251.31529999999998,0.0,0.0,0.0,240.5115,259.05420000000004,258.8058,276.1114,255.2577,240.5115,255.396,245.5343,252.80079999999998,238.05360000000002,725.363,725.363,275.2165,298.8001
346.9765,255.96470000000002,279.8725,240.5115,240.5115,240.5115,240.5115,249.23489999999998,279.5579,275.33209999999997,275.6103,241.80610000000001,241.80610000000001,241.80610000000001,241.80610000000001,249.2739,249.6504,242.00910000000002,250.24429999999998,252.09570000000002,256.92289999999997,245.5343,245.5343,348.0378,240.5115,243.5232,450.6176,450.6176,259.0305,241.6948,298.8001,237.77020000000002,200.09810000000002,200.09810000000002,258.818,275.4515,251.2057,246.5905,249.1226,255.6634,266.9207,249.2739,257.8361,244.7943,280.01009999999997,240.5115,243.2514,257.5524,237.9512,237.9512,237.9512,237.9512,242.00910000000002,242.00910000000002,261.4423,257.0741,256.4735,256.4735,256.002,239.15470000000002,261.3865,87.44630000000001,87.44630000000001,240.5115,276.21520000000004,249.3594,255.7819,258.3924,251.31529999999998,0.0,0.0,0.0,240.5115,259.05420000000004,258.8058,276.1114,255.2577,240.5115,255.396,245.5343,252.80079999999998,238.05360000000002,725.363,725.363,275.2165,298.8001
346.9765,255.96470000000002,279.8725,240.5115,240.5115,240.5115,240.5115,249.23489999999998,279.5579,275.33209999999997,275.6103,241.80610000000001,241.80610000000001,241.80610000000001,241.80610000000001,249.2739,249.6504,242.00910000000002,250.24429999999998,252.09570000000002,256.92289999999997,245.5343,245.5343,348.0378,240.5115,243.5232,450.6176,450.6176,259.0305,241.6948,298.8001,237.77020000000002,200.09810000000002,200.09810000000002,258.818,275.4515,251.2057,246.5905,249.1226,255.6634,266.9207,249.2739,257.8361,244.7943,280.01009999999997,240.5115,243.2514,257.5524,237.9512,237.9512,237.9512,237.9512,242.00910000000002,242.00910000000002,261.4423,257.0741,256.4735,256.4735,256.002,239.15470000000002,261.3865,87.44630000000001,87.44630000000001,240.5115,276.21520000000004,249.3594,255.7819,258.3924,251.31529999999998,0.0,0.0,0.0,240.5115,259.05420000000004,258.8058,276.1114,255.2577,240.5115,255.396,245.5343,252.80079999999998,238.05360000000002,725.363,725.363,275.2165,298.8001
55.2889,25.1319,49.0398,0.0,0.0,0.0,0.0,18.402099999999997,48.7251,44.499300000000005,148.8088,6.1816,6.1816,6.1816,6.1816,18.441200000000002,18.817700000000002,12.2575,21.7903,21.263,26.0902,15.7827,15.7827,55.0679,0.0,12.6904,211.7812,211.7812,28.1978,10.8621,131.51770000000002,12.455200000000001,384.28540000000004,384.28540000000004,30.080599999999997,44.6188,22.9187,15.7578,22.0425,24.830599999999997,38.841699999999996,18.441200000000002,27.0033,13.9616,49.1773,0.0,13.499799999999999,26.7197,12.8074,12.8074,12.8074,12.8074,12.2575,12.2575,30.6095,26.241400000000002,25.6408,25.6408,25.1693,16.6308,30.5538,113.3205,113.3205,0.0,45.382400000000004,18.5267,24.9492,29.655099999999997,15.837299999999999,184.4866,184.4866,184.4866,0.0,28.2215,29.5164,45.2787,24.425,0.0,24.563200000000002,15.7827,24.0635,12.909799999999999,486.5267,486.5267,44.3838,131.51770000000002
30.061,4.1997,23.8119,26.9103,26.9103,26.9103,26.9103,10.17,23.4973,19.2715,123.5809,21.7374,21.7374,21.7374,21.7374,9.062100000000001,9.5256,19.638900000000003,14.675799999999999,8.0885,5.5059,16.7922,16.7922,29.8401,26.9103,18.0314,234.57139999999998,234.57139999999998,6.104,17.275599999999997,106.2898,19.8398,405.7921,405.7921,5.9465,19.390900000000002,12.5302,14.046299999999999,14.928,4.2638,27.0637,9.062100000000001,5.2112,14.7215,23.9495,26.9103,17.6833,5.0936,20.4121,20.4121,20.4121,20.4121,19.638900000000003,19.638900000000003,4.1262,8.4426,14.280899999999999,14.280899999999999,7.338100000000001,18.302,5.3259,134.8272,134.8272,26.9103,20.1546,10.260299999999999,6.347600000000001,6.8946000000000005,12.4532,205.9932,205.9932,205.9932,26.9103,0.0,6.977,33.918800000000005,13.065100000000001,26.9103,13.2034,16.7922,12.2812,20.5145,509.31690000000003,509.31690000000003,19.155900000000003,106.2898
31.9329,6.4076,25.683799999999998,28.5909,28.5909,28.5909,28.5909,12.9734,25.3692,21.1433,125.4528,24.9025,24.9025,24.9025,24.9025,10.4819,10.9455,18.8745,9.4729,9.0699,5.456300000000001,12.453700000000001,12.453700000000001,31.7119,28.5909,17.267,237.6981,237.6981,11.771600000000001,18.695400000000003,108.1617,19.0753,403.32090000000005,403.32090000000005,1.5563,21.2628,7.9153,18.4973,10.1046,6.4717,24.5247,10.4819,11.552299999999999,16.141299999999998,25.8214,28.5909,16.9188,3.1007,19.6477,19.6477,19.6477,19.6477,18.8745,18.8745,6.696,3.4258,17.4075,17.4075,3.7344,14.200700000000001,7.1978,132.356,132.356,28.5909,22.0265,13.098,7.6127,0.5756,15.744200000000001,203.5221,203.5221,203.5221,28.5909,7.0512,0.0,37.0454,16.1917,28.5909,16.33,12.453700000000001,5.187600000000001,19.7501,512.4435,512.4435,21.0278,108.1617
29.0519,32.2639,16.634900000000002,40.8872,40.8872,40.8872,40.8872,27.2085,16.5143,16.2526,129.3729,35.1328,35.1328,35.1328,35.1328,28.662,29.0385,38.1039,31.714299999999998,29.5276,33.2221,34.7135,34.7135,28.8309,40.8872,35.2785,231.2219,231.2219,28.95,35.3062,112.0818,38.3047,423.8227,423.8227,39.221,16.3186,32.842699999999994,29.362299999999998,31.9665,31.9626,48.765800000000006,28.662,29.8454,32.7521,16.3498,40.8872,36.109300000000005,35.7795,38.3778,38.3778,38.3778,38.3778,38.1039,38.1039,39.6694,35.5504,20.7441,20.7441,34.229099999999995,36.7564,39.6136,152.8578,152.8578,40.8872,13.4709,27.2989,32.0811,38.3422,24.2805,224.0238,224.0238,224.0238,40.8872,35.3535,38.5763,0.0,22.8371,40.8872,21.108700000000002,34.7135,33.9875,38.480199999999996,505.9674,505.9674,16.4112,112.0818
42.5565,10.4717,36.3075,19.0951,19.0951,19.0951,19.0951,5.416399999999999,35.9928,31.767,136.0765,13.3407,13.3407,13.3407,13.3407,6.8698999999999995,7.2463999999999995,16.311700000000002,9.9222,7.735399999999999,11.43,12.9214,12.9214,42.3356,19.0951,13.4863,223.6803,223.6803,9.485899999999999,13.514,118.7854,16.5126,402.0305,402.0305,17.428900000000002,31.8865,11.050600000000001,7.5702,10.1744,10.170399999999999,26.973599999999998,6.8698999999999995,9.4428,10.9599,36.445,19.0951,14.3171,13.9873,16.5856,16.5856,16.5856,16.5856,16.311700000000002,16.311700000000002,17.877200000000002,13.7582,3.3898,3.3898,12.437,14.9642,17.8215,131.06560000000002,131.06560000000002,19.0951,24.8141,5.5066999999999995,10.289,16.55,1.3279,202.23170000000002,202.23170000000002,202.23170000000002,19.0951,13.5613,16.7841,23.0277,0.0,19.0951,2.321,12.9214,12.1954,16.688,498.4258,498.4258,31.6515,118.7854
55.2889,25.1319,49.0398,0.0,0.0,0.0,0.0,18.402099999999997,48.7251,44.499300000000005,148.8088,6.1816,6.1816,6.1816,6.1816,18.441200000000002,18.817700000000002,12.2575,21.7903,21.263,26.0902,15.7827,15.7827,55.0679,0.0,12.6904,211.7812,211.7812,28.1978,10.8621,131.51770000000002,12.455200000000001,384.28540000000004,384.28540000000004,30.080599999999997,44.6188,22.9187,15.7578,22.0425,24.830599999999997,38.841699999999996,18.441200000000002,27.0033,13.9616,49.1773,0.0,13.499799999999999,26.7197,12.8074,12.8074,12.8074,12.8074,12.2575,12.2575,30.6095,26.241400000000002,25.6408,25.6408,25.1693,16.6308,30.5538,113.3205,113.3205,0.0,45.382400000000004,18.5267,24.9492,29.655099999999997,15.837299999999999,184.4866,184.4866,184.4866,0.0,28.2215,29.5164,45.2787,24.425,0.0,24.563200000000002,15.7827,24.0635,12.909799999999999,486.5267,486.5267,44.3838,131.51770000000002
43.3588,11.2739,37.1097,19.897299999999998,19.897299999999998,19.897299999999998,19.897299999999998,6.2186,36.7951,23.831799999999998,136.8787,14.1429,14.1429,14.1429,14.1429,7.6721,8.0486,17.114,10.7244,8.537600000000001,12.2322,13.723600000000001,13.723600000000001,43.137800000000006,19.897299999999998,14.2885,221.9874,221.9874,7.8413,14.3163,119.58760000000001,17.314799999999998,402.8327,402.8327,18.231099999999998,23.7892,11.852799999999998,8.372399999999999,10.976600000000001,10.9726,27.7758,7.6721,8.7367,11.7621,37.2473,19.897299999999998,15.119299999999999,14.7896,17.387900000000002,17.387900000000002,17.387900000000002,17.387900000000002,17.114,17.114,18.6794,14.5605,2.2317,2.2317,13.2392,15.7665,18.6237,131.8678,131.8678,19.897299999999998,23.1212,6.3088999999999995,11.0912,17.3522,3.2906,203.0339,203.0339,203.0339,19.897299999999998,14.3635,17.5864,21.334799999999998,1.8472,19.897299999999998,0.0,13.723600000000001,12.9976,17.490299999999998,496.73290000000003,496.73290000000003,23.7163,119.58760000000001
41.6481,13.867299999999998,35.399,16.0577,16.0577,16.0577,16.0577,7.4944,35.0844,30.8586,135.168,12.369299999999999,12.369299999999999,12.369299999999999,12.369299999999999,7.3826,7.553100000000001,6.3413,6.052899999999999,9.0255,12.681899999999999,0.0,0.0,41.4272,16.0577,4.7338000000000005,226.1637,226.1637,16.9332,8.601600000000001,117.87689999999999,6.5421000000000005,390.78770000000003,390.78770000000003,13.822899999999999,30.978,7.1813,9.3597,3.2611,13.5661,20.6599,7.3826,15.7388,6.9973,35.5366,16.0577,4.3856,13.078899999999999,5.3801000000000005,5.3801000000000005,5.3801000000000005,5.3801000000000005,6.3413,6.3413,16.968799999999998,11.209,14.3762,14.3762,11.5285,3.9486999999999997,16.913,119.8228,119.8228,16.0577,31.7417,7.619,11.1317,13.3973,13.9505,190.9889,190.9889,190.9889,16.0577,17.361900000000002,13.8107,34.0141,13.1604,16.0577,13.2987,0.0,9.2941,5.4825,500.9092,500.9092,30.743,117.87689999999999
37.3182,9.7987,31.0691,23.4877,23.4877,23.4877,23.4877,7.8702,30.7545,26.5287,130.8381,19.7993,19.7993,19.7993,19.7993,5.3787,5.8423,13.7713,4.8687,6.3226,8.352,7.849399999999999,7.849399999999999,37.097300000000004,23.4877,12.163799999999998,233.6174,233.6174,13.15,13.5922,113.547,13.972100000000001,398.21770000000004,398.21770000000004,6.3463,26.6481,3.311,13.4004,5.5004,8.757200000000001,20.373900000000003,5.3787,11.9555,11.0381,31.2067,23.4877,11.8156,7.0619,14.5445,14.5445,14.5445,14.5445,13.7713,13.7713,12.6389,4.1771,13.3269,13.3269,5.112100000000001,9.5965,12.5831,127.2529,127.2529,23.4877,27.4118,7.994800000000001,6.628100000000001,5.9207,12.901200000000001,198.4189,198.4189,198.4189,23.4877,13.032,6.3341,32.964800000000004,12.1111,23.4877,12.2494,7.849399999999999,0.0,14.6469,508.3629,508.3629,26.4131,113.547
45.6595,21.0641,39.4104,12.7029,12.7029,12.7029,12.7029,14.334299999999999,39.095800000000004,34.87,139.1795,11.9239,11.9239,11.9239,11.9239,14.373299999999999,14.749799999999999,1.258,10.484399999999999,13.4569,16.6934,5.7743,5.7743,45.4386,12.7029,5.3873999999999995,222.809,222.809,24.129900000000003,8.1562,121.8883,1.0843,384.94759999999997,384.94759999999997,19.058,34.9895,11.445799999999998,11.6571,9.3626,20.7628,27.160700000000002,14.373299999999999,22.9355,9.7145,39.548,12.7029,3.5046,17.0903,0.6942,0.6942,0.6942,0.6942,1.258,1.258,20.9802,16.8888,21.5729,21.5729,15.54,3.679,20.9245,113.9827,113.9827,12.7029,35.753099999999996,14.4589,15.1431,18.6324,15.342799999999999,185.1488,185.1488,185.1488,12.7029,21.3733,19.0458,41.210800000000006,20.3571,12.7029,20.4954,5.7743,13.040899999999999,0.0,497.5545,497.5545,34.7545,121.8883
526.9150999999999,496.7582,514.742,473.922,473.922,473.922,473.922,490.02840000000003,515.2146,507.13309999999996,620.4350999999999,478.80379999999997,478.80379999999997,478.80379999999997,478.80379999999997,490.0675,490.444,483.8838,493.41659999999996,492.8893,497.7164,487.409,487.409,526.6941999999999,473.922,484.3167,274.7465,274.7465,499.8241,482.4884,603.1439,484.08140000000003,855.9117,855.9117,501.7069,507.09040000000005,494.545,487.3841,493.6688,496.4569,510.468,490.0675,498.6296,485.5878,515.6668,473.922,485.12609999999995,498.34590000000003,484.43359999999996,484.43359999999996,484.43359999999996,484.43359999999996,483.8838,483.8838,502.2358,497.8677,494.6363,494.6363,496.7956,488.2571,502.1801,584.9468,584.9468,473.922,506.42240000000004,490.153,496.5755,501.2813,498.1727,656.1129,656.1129,656.1129,473.922,499.8478,501.1427,504.6361,496.72929999999997,473.922,495.0009,487.409,495.6898,484.5361,0.0,0.0,507.0175,603.1439
526.9150999999999,496.7582,514.742,473.922,473.922,473.922,473.922,490.02840000000003,515.2146,507.13309999999996,620.4350999999999,478.80379999999997,478.80379999999997,478.80379999999997,478.80379999999997,490.0675,490.444,483.8838,493.41659999999996,492.8893,497.7164,487.409,487.409,526.6941999999999,473.922,484.3167,274.7465,274.7465,499.8241,482.4884,603.1439,484.08140000000003,855.9117,855.9117,501.7069,507.09040000000005,494.545,487.3841,493.6688,496.4569,510.468,490.0675,498.6296,485.5878,515.6668,473.922,485.12609999999995,498.34590000000003,484.43359999999996,484.43359999999996,484.43359999999996,484.43359999999996,483.8838,483.8838,502.2358,497.8677,494.6363,494.6363,496.7956,488.2571,502.1801,584.9468,584.9468,473.922,506.42240000000004,490.153,496.5755,501.2813,498.1727,656.1129,656.1129,656.1129,473.922,499.8478,501.1427,504.6361,496.72929999999997,473.922,495.0009,487.409,495.6898,484.5361,0.0,0.0,507.0175,603.1439
19.9968,20.1632,8.2621,44.0733,44.0733,44.0733,44.0733,28.1964,8.7347,0.513,122.7256,39.7638,39.7638,39.7638,39.7638,27.0885,27.5521,34.3569,25.9868,23.830599999999997,19.2119,30.2903,30.2903,19.7759,44.0733,32.7494,232.9995,232.9995,16.7922,35.302,105.4344,34.5577,418.8033,418.8033,19.9011,0.6325,26.3037,32.0728,27.0768,20.2273,45.7767,27.0885,22.748900000000003,32.7479,9.1869,44.0733,32.4012,18.613400000000002,35.1301,35.1301,35.1301,35.1301,34.3569,34.3569,14.928600000000001,22.3972,22.5217,22.5217,20.7488,32.0373,17.9106,147.8384,147.8384,44.0733,1.3961,28.2867,20.5766,20.5853,30.479599999999998,219.0045,219.0045,219.0045,44.0733,18.247799999999998,20.9317,17.0927,31.0915,44.0733,31.2298,30.2903,25.638099999999998,35.2325,507.745,507.745,0.0,105.4344
82.2134,109.9157,92.35910000000001,133.8257,133.8257,133.8257,133.8257,117.9488,91.2619,97.6014,46.785199999999996,129.5162,129.5162,129.5162,129.5162,116.841,117.3045,124.1093,115.7392,113.583,108.9644,120.0427,120.0427,83.2747,133.8257,122.5018,330.08790000000005,330.08790000000005,112.7206,125.0544,0.0,124.3102,508.5558,508.5558,109.65360000000001,97.7209,116.0562,121.8252,116.8292,109.9798,109.13789999999999,116.841,112.5013,122.50030000000001,92.4966,133.8257,122.1537,108.36580000000001,124.8825,124.8825,124.8825,124.8825,124.1093,124.1093,104.6811,112.1497,122.05980000000001,122.05980000000001,110.5012,121.7898,107.6631,215.8021,215.8021,133.8257,98.4845,118.0392,110.329,110.3377,120.232,308.75690000000003,308.75690000000003,308.75690000000003,133.8257,108.00030000000001,110.6841,107.9698,120.84389999999999,133.8257,120.98219999999999,120.0427,115.3905,124.9849,604.8334,604.8334,97.4859,0.0
